dataset_id,source_kind,name,url,use,ok,status_code,final_url,title,content_type,bytes_read,has_sensitive_pattern_in_probe,keywords,error
all,official_registry,CNMC - Listado de Distribuidoras de electricidad,https://sede.cnmc.gob.es/listado/censo/1,Identificar razón social/código R1; no prueba cobertura municipal por sí solo.,True,200,https://sede.cnmc.gob.es/listado/censo/1,| CNMC,text/html; charset=UTF-8,125627,True,distribución | distribuidora | mapa | red | galicia | la rioja | i-de | viesgo | cnmc,
la_rioja,operator_map,i-DE - Mapa de distribuidoras eléctricas,https://www.i-de.es/conexion-red-electrica/mapa-de-distribuidoras,Validar zona/municipio en mapa de distribuidora; requiere consulta individual/manual si no hay API.,False,503,https://www.i-de.es/conexion-red-electrica/mapa-de-distribuidoras,i-DE. Grupo IBERDROLA. Service unavailable,text/html,94376,True,i-de,
asturias,operator_home_or_map,E-REDES - Inicio,https://www.eredesdistribucion.es/home,Orientación regional/corporativa; no prueba todos los municipios por sí sola.,True,200,https://www.eredesdistribucion.es/,Inicio | E-REDES,text/html; charset=UTF-8,77779,True,distribución | distribuidora | mapa | red | e-redes,
asturias,operator_area,Electra de Carbayín - Quiénes somos,https://www.electradecarbayin.es/quienes-somos/,Fuente fuerte para revisar Siero/Bimenes.,True,200,https://www.electradecarbayin.es/quienes-somos/,Quiénes somos | Electra de Carbayin,text/html; charset=UTF-8,29644,True,distribución | distribuidora | red | municipio | siero | bimenes | asturias,
cantabria,operator_home_or_map,Viesgo Distribución - Inicio,https://www.viesgodistribucion.com/home,Orientación regional/corporativa; no prueba todos los municipios por sí sola.,True,200,https://www.viesgodistribucion.com/,Inicio | Viesgo Distribución,text/html; charset=UTF-8,76828,True,distribución | distribuidora | mapa | red | viesgo,
galicia,operator_home_or_map,BEGASA - Inicio,https://www.begasa.es/home,Fuente auxiliar para zonas BEGASA; revisar si hay prueba municipal.,True,200,https://www.begasa.es/,Inicio | Begasa,text/html; charset=UTF-8,81405,True,distribución | distribuidora | mapa | red | begasa,
asturias,current_hint_source,Electra de Carbayín — área de distribución,https://www.electradecarbayin.es/,Fuente ya usada en distributor_hints.json.,True,200,https://www.electradecarbayin.es/,Electra de Carbayin | Distribuidora eléctrica asturiana,text/html; charset=UTF-8,24630,True,distribución | distribuidora | red | municipio | siero | bimenes | asturias,
galicia,current_hint_source,APYDE ficha pública,https://www.apyde.com/industrial-barcalesa/,Fuente ya usada en distributor_hints.json.,True,200,https://www.apyde.com/industrial-barcalesa/,"Industrial Barcalesa, S.L. – APYDE",text/html; charset=UTF-8,129210,True,distribución | red,
galicia,current_hint_source,APYDE ficha pública,https://www.apyde.com/electracabalar/,Fuente ya usada en distributor_hints.json.,True,200,https://www.apyde.com/electracabalar/,"Electra de Cabalar, S.L. – APYDE",text/html; charset=UTF-8,129166,True,distribución | red,
galicia,current_hint_source,DOG 9/2024 UFD en A Coruña,https://www.xunta.gal/dog/Publicados/2024/20240112/AnuncioG0692-211223-0003_es.html,Fuente ya usada en distributor_hints.json.,True,200,https://www.xunta.gal/dog/Publicados/2024/20240112/AnuncioG0692-211223-0003_es.html,"DOG 9 del 12/1/2024 - RESOLUCIÓN de 21 de diciembre de 2023, de la Jefatura Territorial de A Coruña, por la que se concede la autorización administrativa previa y de construcción d",text/html; charset=UTF-8,17470,False,distribución | red | galicia,
galicia,current_hint_source,APYDE ficha pública,https://www.apyde.com/hidroelectrica-laracha/,Fuente ya usada en distributor_hints.json.,True,200,https://www.apyde.com/hidroelectrica-laracha/,Hidroeléctrica de Laracha S.L. – APYDE,text/html; charset=UTF-8,129594,True,distribución | red,
galicia,current_hint_source,APYDE ficha pública,https://www.apyde.com/udesa/,Fuente ya usada en distributor_hints.json.,True,200,https://www.apyde.com/udesa/,Unión Distribuidores Electricidad S.A. (Udesa) – APYDE,text/html; charset=UTF-8,129511,True,distribución | red,
galicia,current_hint_source,DOG 220/2024 UFD en A Pobra do Caramiñal,https://www.xunta.gal/dog/Publicados/2024/20241114/AnuncioG0763-211024-0034_es.html,Fuente ya usada en distributor_hints.json.,True,200,https://www.xunta.gal/dog/Publicados/2024/20241114/AnuncioG0763-211024-0034_es.html,"DOG 220 del 14/11/2024 - RESOLUCIÓN de 18 de octubre de 2024, del Departamento Territorial de A Coruña, por la que se concede la autorización administrativa previa y de construcció",text/html; charset=UTF-8,21536,True,distribución | red | galicia,
galicia,current_hint_source,APYDE ficha pública,https://www.apyde.com/cei/,Fuente ya usada en distributor_hints.json.,True,200,https://www.apyde.com/cei/,"Central Eléctrica Industrial, S.L.U. – APYDE",text/html; charset=UTF-8,129230,True,red,
galicia,current_hint_source,DOG 51/2026 UFD en Aranga,https://www.xunta.gal/dog/Publicados/2026/20260317/AnuncioG0763-240226-0004_es.html,Fuente ya usada en distributor_hints.json.,True,200,https://www.xunta.gal/dog/Publicados/2026/20260317/AnuncioG0763-240226-0004_es.html,"DOG 51 del 17/3/2026 - RESOLUCIÓN de 19 de febrero de 2026, del Departamento Territorial de A Coruña, por la que se concede la autorización administrativa previa y de construcción ",text/html; charset=UTF-8,24521,True,distribución | red | galicia,
galicia,current_hint_source,DOG 52/2026 UFD en Ares,https://www.xunta.gal/dog/Publicados/2026/20260318/AnuncioG0763-250226-0004_es.html,Fuente ya usada en distributor_hints.json.,True,200,https://www.xunta.gal/dog/Publicados/2026/20260318/AnuncioG0763-250226-0004_es.html,"DOG 52 del 18/3/2026 - RESOLUCIÓN de 25 de febrero de 2026, del Departamento Territorial de A Coruña, por la que se concede la autorización administrativa previa y de construcción ",text/html; charset=UTF-8,15944,False,distribución | red | galicia,
galicia,current_hint_source,APYDE ficha pública,https://www.apyde.com/electrica-niebla/,Fuente ya usada en distributor_hints.json.,True,200,https://www.apyde.com/electrica-niebla/,"Distribuidora Eléctrica Niebla, S.L. – APYDE",text/html; charset=UTF-8,129357,True,distribuidora | red,
galicia,current_hint_source,DOG 66/2026 UFD en Bergondo,https://www.xunta.gal/dog/Publicados/2026/20260410/AnuncioG0763-180326-0002_es.html,Fuente ya usada en distributor_hints.json.,True,200,https://www.xunta.gal/dog/Publicados/2026/20260410/AnuncioG0763-180326-0002_es.html,"DOG 66 del 10/4/2026 - ACUERDO de 17 de marzo de 2026, del Departamento Territorial de A Coruña, de levantamiento de las actas previas a la ocupación de los bienes y derechos afect",text/html; charset=UTF-8,9841,True,distribución | galicia,
galicia,current_hint_source,DOG 156/2025 UFD en Betanzos,https://www.xunta.gal/dog/Publicados/2025/20250818/AnuncioG0763-240725-0015_es.html,Fuente ya usada en distributor_hints.json.,True,200,https://www.xunta.gal/dog/Publicados/2025/20250818/AnuncioG0763-240725-0015_es.html,"DOG 156 del 18/8/2025 - RESOLUCIÓN de 22 de julio de 2025, del Departamento Territorial de A Coruña, por la que se concede la autorización administrativa previa y de construcción y",text/html; charset=UTF-8,19786,False,distribución | galicia,
galicia,current_hint_source,DOG 52/2026 UFD en Boimorto,https://www.xunta.gal/dog/Publicados/2026/20260318/AnuncioG0763-250226-0003_es.html,Fuente ya usada en distributor_hints.json.,True,200,https://www.xunta.gal/dog/Publicados/2026/20260318/AnuncioG0763-250226-0003_es.html,"DOG 52 del 18/3/2026 - RESOLUCIÓN de 25 de febrero de 2026, del Departamento Territorial de A Coruña, por la que se concede la autorización administrativa previa y de construcción ",text/html; charset=UTF-8,15621,True,distribución | red | galicia,
galicia,current_hint_source,DOG 80/2026 UFD en Boiro,https://www.xunta.gal/dog/Publicados/2026/20260430/AnuncioG0763-090426-0011_es.html,Fuente ya usada en distributor_hints.json.,True,200,https://www.xunta.gal/dog/Publicados/2026/20260430/AnuncioG0763-090426-0011_es.html,"DOG 80 del 30/4/2026 - ACUERDO de 8 de abril de 2026, del Departamento Territorial de A Coruña, por el que se somete a información pública la solicitud de otorgamiento de las autor",text/html; charset=UTF-8,27050,False,distribución | galicia,
galicia,current_hint_source,APYDE ficha pública,https://www.apyde.com/electrica-gres/,Fuente ya usada en distributor_hints.json.,True,200,https://www.apyde.com/electrica-gres/,Eléctrica de Gres S.L. – APYDE,text/html; charset=UTF-8,129149,True,distribución | red,
galicia,current_hint_source,DOG 185/2025 UFD en Brión,https://www.xunta.gal/dog/Publicados/2025/20250925/AnuncioG0763-040925-0009_es.html,Fuente ya usada en distributor_hints.json.,True,200,https://www.xunta.gal/dog/Publicados/2025/20250925/AnuncioG0763-040925-0009_es.html,"DOG 185 del 25/9/2025 - RESOLUCIÓN de 2 de septiembre de 2025, del Departamento Territorial de A Coruña, por la que se concede la autorización administrativa previa y de construcci",text/html; charset=UTF-8,21213,False,distribución | galicia,
galicia,current_hint_source,DOG 179/2025 UFD en Cabana de Bergantiños,https://www.xunta.gal/dog/Publicados/2025/20250917/AnuncioG0763-270825-0010_es.html,Fuente ya usada en distributor_hints.json.,True,200,https://www.xunta.gal/dog/Publicados/2025/20250917/AnuncioG0763-270825-0010_es.html,"DOG 179 del 17/9/2025 - ACUERDO de 27 de agosto de 2025, del Departamento Territorial de A Coruña, por el que se somete a información pública la solicitud de otorgamiento de la aut",text/html; charset=UTF-8,15124,False,distribución | galicia,
galicia,current_hint_source,APYDE ficha pública,https://www.apyde.com/electrica-cabanas/,Fuente ya usada en distributor_hints.json.,True,200,https://www.apyde.com/electrica-cabanas/,Eléctrica de Cabañas S.L. – APYDE,text/html; charset=UTF-8,128984,True,distribución | red,
galicia,current_hint_source,APYDE ficha pública,https://www.apyde.com/electra-gayoso/,Fuente ya usada en distributor_hints.json.,True,200,https://www.apyde.com/electra-gayoso/,"Electra del Gayoso, S.L. – APYDE",text/html; charset=UTF-8,129244,True,distribución | red,
galicia,current_hint_source,DOG 64/2026 UFD en Cambre,https://www.xunta.gal/dog/Publicados/2026/20260408/AnuncioG0763-180326-0003_es.html,Fuente ya usada en distributor_hints.json.,True,200,https://www.xunta.gal/dog/Publicados/2026/20260408/AnuncioG0763-180326-0003_es.html,"DOG 64 del 8/4/2026 - ANUNCIO de 17 de marzo de 2026, del Departamento Territorial de A Coruña, por el que se notifica la resolución de autorización administrativa previa, de const",text/html; charset=UTF-8,13962,False,distribución | galicia,
galicia,current_hint_source,DOG 35/2026 UFD en Cariño,https://www.xunta.gal/dog/Publicados/2026/20260223/AnuncioG0763-300126-0005_es.html,Fuente ya usada en distributor_hints.json.,True,200,https://www.xunta.gal/dog/Publicados/2026/20260223/AnuncioG0763-300126-0005_es.html,"DOG 35 del 23/2/2026 - RESOLUCIÓN de 29 de enero de 2026, del  Departamento Territorial de A Coruña, por la que se concede la autorización administrativa previa y de construcción y",text/html; charset=UTF-8,23328,False,distribución | red | galicia,
galicia,current_hint_source,DOG 93/2021 UFD en Carnota,https://www.xunta.gal/dog/Publicados/2021/20210520/AnuncioG0596-270421-0002_es.html,Fuente ya usada en distributor_hints.json.,True,200,https://www.xunta.gal/dog/Publicados/2021/20210520/AnuncioG0596-270421-0002_es.html,"DOG 93 del 20/05/2021 - RESOLUCIÓN de 23 de abril de 2021, de la Jefatura Territorial de A Coruña, por la que se concede la autorización administrativa previa y de construcción de ",text/html; charset=UTF-8,15738,False,distribución | galicia,
galicia,current_hint_source,DOG 139/2024 UFD en Cedeira,https://www.xunta.gal/dog/Publicados/2024/20240718/AnuncioG0763-260624-0023_es.html,Fuente ya usada en distributor_hints.json.,True,200,https://www.xunta.gal/dog/Publicados/2024/20240718/AnuncioG0763-260624-0023_es.html,"DOG 139 del 18/7/2024 - RESOLUCIÓN de 14 de junio de 2024, de la Dirección Territorial de A Coruña, por la que se concede la autorización administrativa previa y de construcción de",text/html; charset=UTF-8,15613,False,distribución | galicia,
galicia,current_hint_source,DOG 42/2025 UFD en Cee,https://www.xunta.gal/dog/Publicados/2025/20250303/AnuncioG0763-100225-0008_es.html,Fuente ya usada en distributor_hints.json.,True,200,https://www.xunta.gal/dog/Publicados/2025/20250303/AnuncioG0763-100225-0008_es.html,"DOG 42 del 3/3/2025 - RESOLUCIÓN de 7 de febrero de 2025, del Departamento Territorial de A Coruña, por la que se concede la autorización administrativa previa y de construcción de",text/html; charset=UTF-8,17378,False,distribución | galicia,
galicia,current_hint_source,APYDE ficha pública,https://www.apyde.com/electra-narahio/,Fuente ya usada en distributor_hints.json.,True,200,https://www.apyde.com/electra-narahio/,Electra del Narahío S.A. – APYDE,text/html; charset=UTF-8,129171,True,distribución | red,
galicia,current_hint_source,DOG 36/2024 UFD en Coirós,https://www.xunta.gal/dog/Publicados/2024/20240220/AnuncioG0692-300124-0003_es.html,Fuente ya usada en distributor_hints.json.,True,200,https://www.xunta.gal/dog/Publicados/2024/20240220/AnuncioG0692-300124-0003_es.html,"DOG 36 del 20/2/2024 - RESOLUCIÓN de 23 de enero de 2024, de la Jefatura Territorial de A Coruña, por la que se concede la autorización administrativa previa y de construcción y la",text/html; charset=UTF-8,21401,False,distribución | red | galicia,
galicia,current_hint_source,DOG 43/2024 UFD en Corcubión,https://www.xunta.gal/dog/Publicados/2024/20240229/AnuncioG0692-080224-0003_es.html,Fuente ya usada en distributor_hints.json.,True,200,https://www.xunta.gal/dog/Publicados/2024/20240229/AnuncioG0692-080224-0003_es.html,"DOG 43 del 29/2/2024 - RESOLUCIÓN de 2 de febrero de 2024, de la Jefatura Territorial de A Coruña, por la que se concede la autorización administrativa previa y de construcción de ",text/html; charset=UTF-8,15759,False,distribución | red | galicia,
galicia,current_hint_source,DOG 160/2025 UFD en Coristanco,https://www.xunta.gal/dog/Publicados/2025/20250822/AnuncioG0763-310725-0008_es.html,Fuente ya usada en distributor_hints.json.,True,200,https://www.xunta.gal/dog/Publicados/2025/20250822/AnuncioG0763-310725-0008_es.html,"DOG 160 del 22/8/2025 - ACUERDO de 31 de julio de 2025, del Departamento Territorial de A Coruña, por el que se somete a información pública la solicitud de otorgamiento de la auto",text/html; charset=UTF-8,16643,True,distribución | galicia,
galicia,current_hint_source,DOG 151/2025 UFD en Culleredo,https://www.xunta.gal/dog/Publicados/2025/20250808/AnuncioG0763-170725-0003_es.html,Fuente ya usada en distributor_hints.json.,True,200,https://www.xunta.gal/dog/Publicados/2025/20250808/AnuncioG0763-170725-0003_es.html,"DOG 151 del 8/8/2025 - RESOLUCIÓN de 9 de julio de 2025, del Departamento Territorial de A Coruña, por la que se concede la autorización administrativa previa y de construcción de ",text/html; charset=UTF-8,16469,False,distribución | red | galicia,
galicia,current_hint_source,DOG 43/2026 UFD en Curtis,https://www.xunta.gal/dog/Publicados/2026/20260305/AnuncioG0763-110226-0004_es.html,Fuente ya usada en distributor_hints.json.,True,200,https://www.xunta.gal/dog/Publicados/2026/20260305/AnuncioG0763-110226-0004_es.html,"DOG 43 del 5/3/2026 - RESOLUCIÓN de 11 de febrero de 2026, del Departamento Territorial de A Coruña, por la que se concede la autorización administrativa previa y de construcción d",text/html; charset=UTF-8,15662,False,distribución | red | galicia,
galicia,current_hint_source,DOG 82/2026 UFD en Dodro,https://www.xunta.gal/dog/Publicados/2026/20260505/AnuncioG0763-160426-0012_es.html,Fuente ya usada en distributor_hints.json.,True,200,https://www.xunta.gal/dog/Publicados/2026/20260505/AnuncioG0763-160426-0012_es.html,"DOG 82 del 5/5/2026 - ANUNCIO de 16 de abril de 2026, del Departamento Territorial de A Coruña, de consignación del justiprecio determinado por el Jurado de Expropiación de Galicia",text/html; charset=UTF-8,17348,True,distribución | red | galicia,
galicia,current_hint_source,DOG 70/2026 UFD en Dumbría,https://www.xunta.gal/dog/Publicados/2026/20260416/AnuncioG0763-240326-0006_es.html,Fuente ya usada en distributor_hints.json.,True,200,https://www.xunta.gal/dog/Publicados/2026/20260416/AnuncioG0763-240326-0006_es.html,"DOG 70 del 16/4/2026 - ACUERDO de 23 de marzo de 2026, del Departamento Territorial de A Coruña, por el que se somete a información pública la declaración de utilidad pública, en c",text/html; charset=UTF-8,18361,True,distribución | galicia,
galicia,current_hint_source,DOG 63/2026 UFD en Ferrol,https://www.xunta.gal/dog/Publicados/2026/20260407/AnuncioG0763-120326-0007_es.html,Fuente ya usada en distributor_hints.json.,True,200,https://www.xunta.gal/dog/Publicados/2026/20260407/AnuncioG0763-120326-0007_es.html,"DOG 63 del 7/4/2026 - RESOLUCIÓN de 12 de marzo de 2026, del Departamento Territorial de A Coruña, por la que se concede la autorización administrativa previa y de construcción y l",text/html; charset=UTF-8,21465,False,distribución | red | galicia,
galicia,current_hint_source,DOG 53/2026 UFD en Fisterra,https://www.xunta.gal/dog/Publicados/2026/20260320/AnuncioG0763-260226-0002_es.html,Fuente ya usada en distributor_hints.json.,True,200,https://www.xunta.gal/dog/Publicados/2026/20260320/AnuncioG0763-260226-0002_es.html,"DOG 53 del 20/3/2026 - RESOLUCIÓN de 11 de febrero de 2026, del Departamento Territorial de A Coruña, por la que se declara la utilidad pública, en concreto, de una instalación de ",text/html; charset=UTF-8,16499,True,distribución | galicia,
galicia,current_hint_source,UFD/Naturgy presencia regional Galicia,https://www.naturgy.com/notas-de-prensa/gerardo-rodriguez-nuevo-delegado-de-naturgy-en-galicia/,Fuente ya usada en distributor_hints.json.,True,200,https://www.naturgy.com/notas-de-prensa/gerardo-rodriguez-nuevo-delegado-de-naturgy-en-galicia/,"Gerardo Rodríguez, nuevo delegado de Naturgy en Galicia - Naturgy",text/html; charset=UTF-8,195842,True,distribución | distribuidora | red | municipio | galicia,
galicia,current_hint_source,APYDE ficha pública,https://www.apyde.com/electra-foxo/,Fuente ya usada en distributor_hints.json.,True,200,https://www.apyde.com/electra-foxo/,"Electra do Foxo, S.L. – APYDE",text/html; charset=UTF-8,129060,True,distribución | red,
galicia,current_hint_source,DOG 57/2026 UFD en Malpica de Bergantiños,https://www.xunta.gal/dog/Publicados/2026/20260326/AnuncioG0763-050326-0002_es.html,Fuente ya usada en distributor_hints.json.,True,200,https://www.xunta.gal/dog/Publicados/2026/20260326/AnuncioG0763-050326-0002_es.html,"DOG 57 del 26/3/2026 - ACUERDO de 4 de marzo de 2026, del Departamento Territorial de A Coruña, de levantamiento de las actas previas a la ocupación de bienes y derechos afectados ",text/html; charset=UTF-8,9907,True,distribución | galicia,
galicia,current_hint_source,APYDE ficha pública,https://www.apyde.com/rivas-sl/,Fuente ya usada en distributor_hints.json.,True,200,https://www.apyde.com/rivas-sl/,Fuciños Rivas S.L. – APYDE,text/html; charset=UTF-8,129179,True,distribución | red,
galicia,current_hint_source,DOG 98/2023 UFD en Miño,https://www.xunta.gal/dog/Publicados/2023/20230525/AnuncioV0653-190523-0007_es.html,Fuente ya usada en distributor_hints.json.,True,200,https://www.xunta.gal/dog/Publicados/2023/20230525/AnuncioV0653-190523-0007_es.html,"DOG 98 del 25/5/2023 - RESOLUCIÓN de 15 de mayo de 2023, de la Dirección General de Planificación Energética y Recursos Naturales, por la que se otorgan las autorizaciones administ",text/html; charset=UTF-8,29398,True,distribución | galicia,
galicia,current_hint_source,DOG 82/2026 UFD en Monfero,https://www.xunta.gal/dog/Publicados/2026/20260505/AnuncioG0763-130426-0006_es.html,Fuente ya usada en distributor_hints.json.,True,200,https://www.xunta.gal/dog/Publicados/2026/20260505/AnuncioG0763-130426-0006_es.html,"DOG 82 del 5/5/2026 - RESOLUCIÓN de 10 de abril de 2026, del Departamento Territorial de A Coruña, por la que se concede la autorización administrativa previa y de construcción de ",text/html; charset=UTF-8,15579,False,distribución | red | galicia,
galicia,current_hint_source,DOG 39/2025 UFD en Mugardos,https://www.xunta.gal/dog/Publicados/2025/20250226/AnuncioG0763-050225-0003_es.html,Fuente ya usada en distributor_hints.json.,True,200,https://www.xunta.gal/dog/Publicados/2025/20250226/AnuncioG0763-050225-0003_es.html,"DOG 39 del 26/2/2025 - RESOLUCIÓN de 3 de febrero de 2025, del Departamento Territorial de A Coruña, por la que se concede la autorización administrativa previa y de construcción d",text/html; charset=UTF-8,16747,False,distribución | galicia,
galicia,current_hint_source,DOG 70/2026 UFD en Muros,https://www.xunta.gal/dog/Publicados/2026/20260416/AnuncioG0763-240326-0007_es.html,Fuente ya usada en distributor_hints.json.,True,200,https://www.xunta.gal/dog/Publicados/2026/20260416/AnuncioG0763-240326-0007_es.html,"DOG 70 del 16/4/2026 - ACUERDO de 23 de marzo de 2026, del Departamento Territorial de A Coruña, por el que se somete a información pública la solicitud de otorgamiento de las auto",text/html; charset=UTF-8,15886,False,distribución | galicia,
galicia,current_hint_source,DOG 151/2025 UFD en Noia,https://www.xunta.gal/dog/Publicados/2025/20250808/AnuncioG0763-170725-0007_es.html,Fuente ya usada en distributor_hints.json.,True,200,https://www.xunta.gal/dog/Publicados/2025/20250808/AnuncioG0763-170725-0007_es.html,"DOG 151 del 8/8/2025 - RESOLUCIÓN de 14 de julio  de 2025, del Departamento Territorial de A Coruña, por la que se concede la autorización administrativa previa y de construcción y",text/html; charset=UTF-8,20868,True,distribución | red | galicia,
galicia,current_hint_source,DOG 77/2026 UFD en Oleiros,https://www.xunta.gal/dog/Publicados/2026/20260427/AnuncioG0763-170426-0001_es.html,Fuente ya usada en distributor_hints.json.,True,200,https://www.xunta.gal/dog/Publicados/2026/20260427/AnuncioG0763-170426-0001_es.html,"DOG 77 del 27/4/2026 - RESOLUCIÓN de 16 de abril de 2026, del Departamento Territorial de A Coruña, por la que se concede la autorización administrativa previa y de construcción y ",text/html; charset=UTF-8,19656,True,distribución | galicia,
galicia,current_hint_source,DOG 38/2026 UFD en Outes,https://www.xunta.gal/dog/Publicados/2026/20260226/AnuncioG0763-040226-0008_es.html,Fuente ya usada en distributor_hints.json.,True,200,https://www.xunta.gal/dog/Publicados/2026/20260226/AnuncioG0763-040226-0008_es.html,"DOG 38 del 26/2/2026 - ACUERDO de 3 de febrero de 2026, del Departamento Territorial de A Coruña, por el que se somete a información pública la solicitud de otorgamiento de las aut",text/html; charset=UTF-8,15369,True,distribución | galicia,
galicia,current_hint_source,DOG 63/2026 UFD en Padrón,https://www.xunta.gal/dog/Publicados/2026/20260407/AnuncioG0763-120326-0011_es.html,Fuente ya usada en distributor_hints.json.,True,200,https://www.xunta.gal/dog/Publicados/2026/20260407/AnuncioG0763-120326-0011_es.html,"DOG 63 del 7/4/2026 - RESOLUCIÓN de 12 de marzo de 2026, del Departamento Territorial de A Coruña, por la que se concede la autorización administrativa previa y de construcción y l",text/html; charset=UTF-8,20222,False,distribución | red | galicia,
galicia,current_hint_source,DOG 60/2026 UFD en Porto do Son,https://www.xunta.gal/dog/Publicados/2026/20260331/AnuncioG0763-090326-0009_es.html,Fuente ya usada en distributor_hints.json.,True,200,https://www.xunta.gal/dog/Publicados/2026/20260331/AnuncioG0763-090326-0009_es.html,"DOG 60 del 31/3/2026 - ACUERDO de 4 de marzo de 2026, del Departamento Territorial de A Coruña, por el que se somete a información pública la solicitud de otorgamiento de las autor",text/html; charset=UTF-8,25312,False,distribución | galicia,
galicia,current_hint_source,DOG 49/2026 UFD en Rianxo,https://www.xunta.gal/dog/Publicados/2026/20260313/AnuncioG0763-200226-0008_es.html,Fuente ya usada en distributor_hints.json.,True,200,https://www.xunta.gal/dog/Publicados/2026/20260313/AnuncioG0763-200226-0008_es.html,"DOG 49 del 13/3/2026 - RESOLUCIÓN de 20 de febrero de 2026, del Departamento Territorial de A Coruña, por la que se concede la autorización administrativa previa y de construcción ",text/html; charset=UTF-8,20929,True,distribución | red | galicia,
galicia,current_hint_source,DOG 81/2026 UFD en Ribeira,https://www.xunta.gal/dog/Publicados/2026/20260504/AnuncioG0763-130426-0002_es.html,Fuente ya usada en distributor_hints.json.,True,200,https://www.xunta.gal/dog/Publicados/2026/20260504/AnuncioG0763-130426-0002_es.html,"DOG 81 del 4/5/2026 - RESOLUCIÓN de 10 de abril de 2026, del Departamento Territorial de A Coruña, por la que se concede la autorización administrativa previa y de construcción y l",text/html; charset=UTF-8,21043,False,distribución | red | galicia,
galicia,current_hint_source,DOG 188/2025 UFD en Rois,https://www.xunta.gal/dog/Publicados/2025/20250930/AnuncioG0763-090925-0003_es.html,Fuente ya usada en distributor_hints.json.,True,200,https://www.xunta.gal/dog/Publicados/2025/20250930/AnuncioG0763-090925-0003_es.html,"DOG 188 del 30/9/2025 - RESOLUCIÓN de 8 de septiembre de 2025, del Departamento Territorial de A Coruña, por la que se conceden la autorización administrativa previa y de construcc",text/html; charset=UTF-8,21453,True,distribución | galicia,
galicia,current_hint_source,DOG 82/2026 UFD en Sada,https://www.xunta.gal/dog/Publicados/2026/20260505/AnuncioG0763-130426-0015_es.html,Fuente ya usada en distributor_hints.json.,True,200,https://www.xunta.gal/dog/Publicados/2026/20260505/AnuncioG0763-130426-0015_es.html,"DOG 82 del 5/5/2026 - ACUERDO de 10 de abril de 2026, del Departamento Territorial de A Coruña, de levantamiento de las actas previas a la ocupación de los bienes y derechos afecta",text/html; charset=UTF-8,9767,True,distribución | galicia,
galicia,current_hint_source,DOG 163/2025 UFD en Teo,https://www.xunta.gal/dog/Publicados/2025/20250827/AnuncioG0763-050825-0005_es.html,Fuente ya usada en distributor_hints.json.,True,200,https://www.xunta.gal/dog/Publicados/2025/20250827/AnuncioG0763-050825-0005_es.html,"DOG 163 del 27/8/2025 - RESOLUCIÓN de 1 de agosto de 2025, del Departamento Territorial de A Coruña, por la que se concede la autorización administrativa previa y de construcción y",text/html; charset=UTF-8,22278,False,distribución | red | galicia,
galicia,current_hint_source,APYDE ficha pública,https://www.apyde.com/electra-zas/,Fuente ya usada en distributor_hints.json.,True,200,https://www.apyde.com/electra-zas/,Electra de Zas S.L. – APYDE,text/html; charset=UTF-8,129033,True,distribución | red,
galicia,current_hint_source,APYDE ficha pública,https://www.apyde.com/matanza-garcia/,Fuente ya usada en distributor_hints.json.,True,200,https://www.apyde.com/matanza-garcia/,Hidroeléctrica José Matanza García S. L. – APYDE,text/html; charset=UTF-8,129202,True,distribución | red,
galicia,current_hint_source,DOG 223/2022 Electra Alto Miño,https://www.xunta.gal/dog/Publicados/2022/20221123/AnuncioV0653-281022-0007_es.html,Fuente ya usada en distributor_hints.json.,True,200,https://www.xunta.gal/dog/Publicados/2022/20221123/AnuncioV0653-281022-0007_es.html,"DOG 223 del 23/11/2022 - RESOLUCIÓN de 27 de octubre de 2022, de la Jefatura Territorial de Ourense, por la que se concede la autorización administrativa previa y de construcción a",text/html; charset=UTF-8,12486,False,distribución | distribuidora | red | galicia,
galicia,current_hint_source,APYDE ficha pública,https://www.apyde.com/castro-caldelas/,Fuente ya usada en distributor_hints.json.,True,200,https://www.apyde.com/castro-caldelas/,Eléctrica de Castro Caldelas S.L. – APYDE,text/html; charset=UTF-8,129168,True,distribución | red,
galicia,current_hint_source,APYDE ficha pública,https://www.apyde.com/electrica-de-albergueria/,Fuente ya usada en distributor_hints.json.,True,200,https://www.apyde.com/electrica-de-albergueria/,Eléctrica de Alberguería – APYDE,text/html; charset=UTF-8,130061,True,red,
galicia,current_hint_source,APYDE ficha pública,https://www.apyde.com/electrica-cantona/,Fuente ya usada en distributor_hints.json.,True,200,https://www.apyde.com/electrica-cantona/,"Eléctrica de Cantoña, S.L. – APYDE",text/html; charset=UTF-8,129269,True,distribución | red,
galicia,current_hint_source,APYDE ficha pública,https://www.apyde.com/distribuidora-melon/,Fuente ya usada en distributor_hints.json.,True,200,https://www.apyde.com/distribuidora-melon/,"Distribuidora Eléctrica de Melón, S.L. – APYDE",text/html; charset=UTF-8,129228,True,distribuidora | red,
galicia,current_hint_source,DOG 38/2026 UFD en Ourense,https://www.xunta.gal/dog/Publicados/2026/20260226/AnuncioG0763-040226-0011_es.html,Fuente ya usada en distributor_hints.json.,True,200,https://www.xunta.gal/dog/Publicados/2026/20260226/AnuncioG0763-040226-0011_es.html,"DOG 38 del 26/2/2026 - RESOLUCIÓN de 3 de febrero de 2026, de la Dirección General de Planificación Energética y Minas, por la que se otorgan las autorizaciones administrativas pre",text/html; charset=UTF-8,22147,True,distribución | red | galicia,
galicia,current_hint_source,APYDE ficha pública,https://www.apyde.com/san-miguel/,Fuente ya usada en distributor_hints.json.,True,200,https://www.apyde.com/san-miguel/,"San Miguel 2000, Distribuición S.L. – APYDE",text/html; charset=UTF-8,129278,True,distribución | red,
galicia,current_hint_source,DOG 235/2024 UFD en A Cañiza,https://www.xunta.gal/dog/Publicados/2024/20241205/AnuncioG0763-141124-0008_es.html,Fuente ya usada en distributor_hints.json.,True,200,https://www.xunta.gal/dog/Publicados/2024/20241205/AnuncioG0763-141124-0008_es.html,"DOG 235 del 5/12/2024 - RESOLUCIÓN de 14 de noviembre de 2024, del Departamento Territorial de Pontevedra, por la que se anuncia el levantamiento de las actas previas a la ocupació",text/html; charset=UTF-8,11430,False,distribución | red | galicia,
galicia,current_hint_source,DOG 115/2024 UFD en A Estrada,https://www.xunta.gal/dog/Publicados/2024/20240614/AnuncioG0763-270524-0005_es.html,Fuente ya usada en distributor_hints.json.,True,200,https://www.xunta.gal/dog/Publicados/2024/20240614/AnuncioG0763-270524-0005_es.html,"DOG 115 del 14/6/2024 - RESOLUCIÓN de 24 de mayo de 2024, de la Dirección Territorial de Pontevedra, por la que se concede la autorización administrativa previa y de construcción d",text/html; charset=UTF-8,17945,True,distribución | galicia,
galicia,current_hint_source,DOG 48/2024 UFD en A Guarda,https://www.xunta.gal/dog/Publicados/2024/20240307/AnuncioG0692-160224-0006_es.html,Fuente ya usada en distributor_hints.json.,True,200,https://www.xunta.gal/dog/Publicados/2024/20240307/AnuncioG0692-160224-0006_es.html,"DOG 48 del 7/3/2024 - RESOLUCIÓN de 13 de febrero de 2024, de la Jefatura Territorial de Pontevedra, de autorización administrativa previa, declaración, en concreto, de utilidad pú",text/html; charset=UTF-8,20134,False,distribución | municipio | galicia,
galicia,current_hint_source,APYDE ficha pública,https://www.apyde.com/electrificacion-sl/,Fuente ya usada en distributor_hints.json.,True,200,https://www.apyde.com/electrificacion-sl/,Compañía de Electrificación S.L. – APYDE,text/html; charset=UTF-8,129363,True,distribución | red,
galicia,current_hint_source,CNMC C/1436/24 Grupo EHR/Moscoso,https://www.cnmc.es/sites/default/files/5198696.pdf,Fuente ya usada en distributor_hints.json.,True,200,https://www.cnmc.es/sites/default/files/5198696.pdf,,application/pdf,106233,True,cnmc,
galicia,current_hint_source,APYDE ficha pública,https://www.apyde.com/hidroelectrica-arnego/,Fuente ya usada en distributor_hints.json.,True,200,https://www.apyde.com/hidroelectrica-arnego/,Hidroeléctrica del Arnego S.L. – APYDE,text/html; charset=UTF-8,129310,True,distribución | red,
galicia,current_hint_source,APYDE ficha pública,https://www.apyde.com/seta/,Fuente ya usada en distributor_hints.json.,True,200,https://www.apyde.com/seta/,Sociedad Electricista de Tui S.A. – APYDE,text/html; charset=UTF-8,129228,True,distribución | red,
galicia,current_hint_source,DOG 149/2024 UFD en Bueu,https://www.xunta.gal/dog/Publicados/2024/20240802/AnuncioG0763-120724-0002_es.html,Fuente ya usada en distributor_hints.json.,True,200,https://www.xunta.gal/dog/Publicados/2024/20240802/AnuncioG0763-120724-0002_es.html,"DOG 149 del 2/8/2024 - RESOLUCIÓN de 10 de julio de 2024, de la Dirección Territorial de Pontevedra, por la que se concede la autorización administrativa previa y de construcción d",text/html; charset=UTF-8,19911,True,distribución | red | galicia,
galicia,current_hint_source,APYDE ficha pública,https://www.apyde.com/electra-cuntiense/,Fuente ya usada en distributor_hints.json.,True,200,https://www.apyde.com/electra-cuntiense/,"Electra Cuntiense, S.L. – APYDE",text/html; charset=UTF-8,129155,True,red,
galicia,current_hint_source,DOG 108/2025 UFD en Cambados,https://www.xunta.gal/dog/Publicados/2025/20250609/AnuncioG0763-190525-0002_es.html,Fuente ya usada en distributor_hints.json.,True,200,https://www.xunta.gal/dog/Publicados/2025/20250609/AnuncioG0763-190525-0002_es.html,"DOG 108 del 9/6/2025 - RESOLUCIÓN de 9 de mayo de 2025, del Departamento Territorial de Pontevedra, por la que se conceden las autorizaciones administrativas previa y de construcci",text/html; charset=UTF-8,18666,True,distribución | galicia,
galicia,current_hint_source,DOG 160/2025 UFD en Cangas,https://www.xunta.gal/dog/Publicados/2025/20250822/AnuncioG0763-310725-0001_es.html,Fuente ya usada en distributor_hints.json.,True,200,https://www.xunta.gal/dog/Publicados/2025/20250822/AnuncioG0763-310725-0001_es.html,"DOG 160 del 22/8/2025 - RESOLUCIÓN de 30 de julio de 2025, del Departamento Territorial de Pontevedra, por la que se concede la autorización administrativa previa y de construcción",text/html; charset=UTF-8,19544,True,distribución | galicia,
galicia,current_hint_source,DOG 1/2012 + CNMC TPE/DE/010/17,https://www.xunta.gal/dog/Publicados/2012/20120102/AnuncioCA04-241111-9094_es.html,Fuente ya usada en distributor_hints.json.,True,200,https://www.xunta.gal/dog/Publicados/2012/20120102/AnuncioCA04-241111-9094_es.html,"DOG 1 del 2/01/2012 - RESOLUCIÓN de 18 de noviembre de 2011, de la Jefatura Territorial de Pontevedra, por la que se autoriza y se aprueba el proyecto de ejecución de una instalaci",text/html; charset=UTF-8,9739,True,distribución | distribuidora | galicia,
galicia,current_hint_source,DOG 175/2025 UFD en Lalín,https://www.xunta.gal/dog/Publicados/2025/20250911/AnuncioG0763-110825-0007_es.html,Fuente ya usada en distributor_hints.json.,True,200,https://www.xunta.gal/dog/Publicados/2025/20250911/AnuncioG0763-110825-0007_es.html,"DOG 175 del 11/9/2025 - RESOLUCIÓN de 8 de agosto de 2025, del Departamento Territorial de Pontevedra, por la que se conceden las autorizaciones administrativas previa y de constru",text/html; charset=UTF-8,19372,True,distribución | distribuidora | red | municipio | galicia,
galicia,current_hint_source,DOG 195/2025 UFD en Marín,https://www.xunta.gal/dog/Publicados/2025/20251009/AnuncioG0763-110825-0008_es.html,Fuente ya usada en distributor_hints.json.,True,200,https://www.xunta.gal/dog/Publicados/2025/20251009/AnuncioG0763-110825-0008_es.html,"DOG 195 del 9/10/2025 - RESOLUCIÓN de 8 de agosto de 2025, del Departamento Territorial de Pontevedra, por la que se concede la autorización administrativa previa y de construcción",text/html; charset=UTF-8,19506,True,distribución | distribuidora | galicia,
galicia,current_hint_source,DOG 84/2025 UFD en Moaña,https://www.xunta.gal/dog/Publicados/2025/20250505/AnuncioG0763-100425-0001_es.html,Fuente ya usada en distributor_hints.json.,True,200,https://www.xunta.gal/dog/Publicados/2025/20250505/AnuncioG0763-100425-0001_es.html,"DOG 84 del 5/5/2025 - RESOLUCIÓN de 9 de abril de 2025, del Departamento Territorial de Pontevedra, por la que se conceden las autorizaciones administrativas previa y de construcci",text/html; charset=UTF-8,17104,True,distribución | red | galicia,
galicia,current_hint_source,Eléctrica de Moscoso — información pública corporativa,https://www.emoscoso.com/,Fuente ya usada en distributor_hints.json.,True,200,https://emoscoso.com/,"Eléctrica de Moscoso, S.L.",text/html; charset=UTF-8,18484,True,distribución | municipio | cnmc,
galicia,current_hint_source,DOG 238/2025 UFD en Mos,https://www.xunta.gal/dog/Publicados/2025/20251210/AnuncioG0763-191125-0002_es.html,Fuente ya usada en distributor_hints.json.,True,200,https://www.xunta.gal/dog/Publicados/2025/20251210/AnuncioG0763-191125-0002_es.html,"DOG 238 del 10/12/2025 - RESOLUCIÓN de 18 de noviembre de 2025, del Departamento Territorial de Pontevedra, por la que se conceden las autorizaciones administrativas previa y de co",text/html; charset=UTF-8,19180,True,distribución | galicia,
galicia,current_hint_source,DOG 152/2025 UFD en Nigrán,https://www.xunta.gal/dog/Publicados/2025/20250811/AnuncioG0763-180725-0002_es.html,Fuente ya usada en distributor_hints.json.,True,200,https://www.xunta.gal/dog/Publicados/2025/20250811/AnuncioG0763-180725-0002_es.html,"DOG 152 del 11/8/2025 - RESOLUCIÓN de 11 de julio de 2025, del Departamento Territorial de Pontevedra, por la que se conceden las autorizaciones administrativas previa y de constru",text/html; charset=UTF-8,16644,True,distribución | galicia,
galicia,current_hint_source,DOG 87/2024 UFD en O Porriño,https://www.xunta.gal/dog/Publicados/2024/20240503/AnuncioG0692-090424-0011_es.html,Fuente ya usada en distributor_hints.json.,True,200,https://www.xunta.gal/dog/Publicados/2024/20240503/AnuncioG0692-090424-0011_es.html,"DOG 87 del 3/5/2024 - RESOLUCIÓN de 8 de abril de 2024, de la Jefatura Territorial de Pontevedra, por la que se concede la autorización administrativa previa y de construcción de u",text/html; charset=UTF-8,17363,True,distribución | galicia,
galicia,current_hint_source,DOG 234/2024 UFD en Poio,https://www.xunta.gal/dog/Publicados/2024/20241204/AnuncioG0763-131124-0004_es.html,Fuente ya usada en distributor_hints.json.,True,200,https://www.xunta.gal/dog/Publicados/2024/20241204/AnuncioG0763-131124-0004_es.html,"DOG 234 del 4/12/2024 - RESOLUCIÓN de 12 de noviembre de 2024, del Departamento Territorial de Pontevedra, por la que se anuncia el levantamiento de las actas previas a la ocupació",text/html; charset=UTF-8,11526,False,distribución | red | galicia,
galicia,current_hint_source,APYDE ficha pública,https://www.apyde.com/elemol/,Fuente ya usada en distributor_hints.json.,True,200,https://www.apyde.com/elemol/,Eléctrica Los Molinos S.L. – APYDE,text/html; charset=UTF-8,129204,True,distribución | red,
galicia,current_hint_source,DOG 109/2024 UFD en Redondela,https://www.xunta.gal/dog/Publicados/2024/20240606/AnuncioG0763-150524-0010_es.html,Fuente ya usada en distributor_hints.json.,True,200,https://www.xunta.gal/dog/Publicados/2024/20240606/AnuncioG0763-150524-0010_es.html,"DOG 109 del 6/6/2024 - RESOLUCIÓN de 13 de mayo de 2024, de la Dirección Territorial de Pontevedra, por la que se concede la autorización administrativa previa y de construcción de",text/html; charset=UTF-8,17356,True,distribución | red | galicia,
galicia,current_hint_source,DOG 51/2018 Electra Alto Miño,https://www.xunta.gal/dog/Publicados/2018/20180313/AnuncioG0424-141217-0002_es.html,Fuente ya usada en distributor_hints.json.,True,200,https://www.xunta.gal/dog/Publicados/2018/20180313/AnuncioG0424-141217-0002_es.html,"DOG 51 del 13/03/2018 - RESOLUCIÓN de 12 de diciembre de 2017, de la Jefatura Territorial de Pontevedra, de autorización administrativa y autorización administrativa de construcció",text/html; charset=UTF-8,11296,True,distribución | distribuidora | galicia,
galicia,current_hint_source,DOG 170/2025 UFD en Salvaterra de Miño,https://www.xunta.gal/dog/Publicados/2025/20250904/AnuncioG0763-280825-0002_es.html,Fuente ya usada en distributor_hints.json.,True,200,https://www.xunta.gal/dog/Publicados/2025/20250904/AnuncioG0763-280825-0002_es.html,"DOG 170 del 4/9/2025 - RESOLUCIÓN de 22 de agosto de 2025, del Departamento Territorial de Pontevedra, por la que se conceden las autorizaciones administrativas previa y de constru",text/html; charset=UTF-8,19958,True,distribución | distribuidora | galicia,
galicia,current_hint_source,DOG 39/2026 UFD en Sanxenxo,https://www.xunta.gal/dog/Publicados/2026/20260227/AnuncioG0763-060226-0008_es.html,Fuente ya usada en distributor_hints.json.,True,200,https://www.xunta.gal/dog/Publicados/2026/20260227/AnuncioG0763-060226-0008_es.html,"DOG 39 del 27/2/2026 - RESOLUCIÓN de 5 de enero de 2026, del Departamento Territorial de Pontevedra, por la que se concede la autorización administrativa previa y de construcción d",text/html; charset=UTF-8,17921,True,distribución | galicia,
galicia,current_hint_source,DOG 240/2023 UFD en Soutomaior,https://www.xunta.gal/dog/Publicados/2023/20231220/AnuncioG0692-281123-0001_es.html,Fuente ya usada en distributor_hints.json.,True,200,https://www.xunta.gal/dog/Publicados/2023/20231220/AnuncioG0692-281123-0001_es.html,"DOG 240 del 20/12/2023 - RESOLUCIÓN de 27 de noviembre de 2023, de la Jefatura Territorial de Pontevedra, por la que se anuncia el levantamiento de las actas previas a la ocupación",text/html; charset=UTF-8,12319,True,distribución | galicia,
galicia,current_hint_source,DOG 162/2025 UFD en Valga,https://www.xunta.gal/dog/Publicados/2025/20250826/AnuncioG0763-040825-0006_es.html,Fuente ya usada en distributor_hints.json.,True,200,https://www.xunta.gal/dog/Publicados/2025/20250826/AnuncioG0763-040825-0006_es.html,"DOG 162 del 26/8/2025 - RESOLUCIÓN de 31 de julio de 2025, del Departamento Territorial de Pontevedra, por la que se conceden las autorizaciones administrativas previa y de constru",text/html; charset=UTF-8,17867,True,distribución | galicia,
galicia,current_hint_source,DOG 68/2026 UFD en Vigo,https://www.xunta.gal/dog/Publicados/2026/20260414/AnuncioG0763-060426-0001_es.html,Fuente ya usada en distributor_hints.json.,True,200,https://www.xunta.gal/dog/Publicados/2026/20260414/AnuncioG0763-060426-0001_es.html,"DOG 68 del 14/4/2026 - RESOLUCIÓN de 1 de abril de 2026, del Departamento Territorial de Pontevedra, por la que se conceden las autorizaciones administrativas previa y de construcc",text/html; charset=UTF-8,18793,True,distribución | distribuidora | galicia,
galicia,current_hint_source,DOG 4/2025 UFD en Vilaboa,https://www.xunta.gal/dog/Publicados/2025/20250108/AnuncioG0763-131224-0004_es.html,Fuente ya usada en distributor_hints.json.,True,200,https://www.xunta.gal/dog/Publicados/2025/20250108/AnuncioG0763-131224-0004_es.html,"DOG 4 del 8/1/2025 - RESOLUCIÓN de 11 de diciembre de 2024, del Departamento Territorial de Pontevedra, por la que se anuncia el levantamiento de las actas previas a la ocupación d",text/html; charset=UTF-8,12599,True,distribución | red | municipio | galicia,
galicia,current_hint_source,DOG 80/2026 UFD en Vilagarcía de Arousa,https://www.xunta.gal/dog/Publicados/2026/20260430/AnuncioG0760-090426-0005_es.html,Fuente ya usada en distributor_hints.json.,True,200,https://www.xunta.gal/dog/Publicados/2026/20260430/AnuncioG0760-090426-0005_es.html,"DOG 80 del 30/4/2026 - RESOLUCIÓN de 9 de abril de 2026, del Departamento Territorial de Pontevedra, por la que se concede la autorización administrativa previa y de construcción d",text/html; charset=UTF-8,16939,False,distribución | galicia,
