dataset_id,municipio,province,zone_id,candidate_distributor,production_confidence,source_kind,source_name,source_url,last_reviewed,notes
canarias,Adeje,Santa Cruz de Tenerife,municipality:santa_cruz_de_tenerife::adeje,"e-distribución Redes Digitales, S.L.U.",regional_default,regional_default,e-distribución — distribución eléctrica,https://www.edistribucion.com/es/conocenos/instalaciones-distribucion-red/distribucion-electrica.html,2026-05-06,Promoted from focused review as regional_default orientation.
canarias,Agaete,Las Palmas,municipality:las_palmas::agaete,"e-distribución Redes Digitales, S.L.U.",regional_default,regional_default,e-distribución — distribución eléctrica,https://www.edistribucion.com/es/conocenos/instalaciones-distribucion-red/distribucion-electrica.html,2026-05-06,Promoted from focused review as regional_default orientation.
canarias,Agüimes,Las Palmas,municipality:las_palmas::aguimes,"e-distribución Redes Digitales, S.L.U.",regional_default,regional_default,e-distribución — distribución eléctrica,https://www.edistribucion.com/es/conocenos/instalaciones-distribucion-red/distribucion-electrica.html,2026-05-06,Promoted from focused review as regional_default orientation.
canarias,Agulo,Santa Cruz de Tenerife,municipality:santa_cruz_de_tenerife::agulo,"e-distribución Redes Digitales, S.L.U.",regional_default,regional_default,e-distribución — distribución eléctrica,https://www.edistribucion.com/es/conocenos/instalaciones-distribucion-red/distribucion-electrica.html,2026-05-06,Promoted from focused review as regional_default orientation.
canarias,Alajeró,Santa Cruz de Tenerife,municipality:santa_cruz_de_tenerife::alajero,"e-distribución Redes Digitales, S.L.U.",regional_default,regional_default,e-distribución — distribución eléctrica,https://www.edistribucion.com/es/conocenos/instalaciones-distribucion-red/distribucion-electrica.html,2026-05-06,Promoted from focused review as regional_default orientation.
canarias,Antigua,Las Palmas,municipality:las_palmas::antigua,"e-distribución Redes Digitales, S.L.U.",regional_default,regional_default,e-distribución — distribución eléctrica,https://www.edistribucion.com/es/conocenos/instalaciones-distribucion-red/distribucion-electrica.html,2026-05-06,Promoted from focused review as regional_default orientation.
canarias,Arafo,Santa Cruz de Tenerife,municipality:santa_cruz_de_tenerife::arafo,"e-distribución Redes Digitales, S.L.U.",regional_default,regional_default,e-distribución — distribución eléctrica,https://www.edistribucion.com/es/conocenos/instalaciones-distribucion-red/distribucion-electrica.html,2026-05-06,Promoted from focused review as regional_default orientation.
canarias,Arico,Santa Cruz de Tenerife,municipality:santa_cruz_de_tenerife::arico,"e-distribución Redes Digitales, S.L.U.",regional_default,regional_default,e-distribución — distribución eléctrica,https://www.edistribucion.com/es/conocenos/instalaciones-distribucion-red/distribucion-electrica.html,2026-05-06,Promoted from focused review as regional_default orientation.
canarias,Arona,Santa Cruz de Tenerife,municipality:santa_cruz_de_tenerife::arona,"e-distribución Redes Digitales, S.L.U.",regional_default,regional_default,e-distribución — distribución eléctrica,https://www.edistribucion.com/es/conocenos/instalaciones-distribucion-red/distribucion-electrica.html,2026-05-06,Promoted from focused review as regional_default orientation.
canarias,Arrecife,Las Palmas,municipality:las_palmas::arrecife,"e-distribución Redes Digitales, S.L.U.",regional_default,regional_default,e-distribución — distribución eléctrica,https://www.edistribucion.com/es/conocenos/instalaciones-distribucion-red/distribucion-electrica.html,2026-05-06,Promoted from focused review as regional_default orientation.
canarias,Artenara,Las Palmas,municipality:las_palmas::artenara,"e-distribución Redes Digitales, S.L.U.",regional_default,regional_default,e-distribución — distribución eléctrica,https://www.edistribucion.com/es/conocenos/instalaciones-distribucion-red/distribucion-electrica.html,2026-05-06,Promoted from focused review as regional_default orientation.
canarias,Arucas,Las Palmas,municipality:las_palmas::arucas,"e-distribución Redes Digitales, S.L.U.",regional_default,regional_default,e-distribución — distribución eléctrica,https://www.edistribucion.com/es/conocenos/instalaciones-distribucion-red/distribucion-electrica.html,2026-05-06,Promoted from focused review as regional_default orientation.
canarias,Barlovento,Santa Cruz de Tenerife,municipality:santa_cruz_de_tenerife::barlovento,"e-distribución Redes Digitales, S.L.U.",regional_default,regional_default,e-distribución — distribución eléctrica,https://www.edistribucion.com/es/conocenos/instalaciones-distribucion-red/distribucion-electrica.html,2026-05-06,Promoted from focused review as regional_default orientation.
canarias,Betancuria,Las Palmas,municipality:las_palmas::betancuria,"e-distribución Redes Digitales, S.L.U.",regional_default,regional_default,e-distribución — distribución eléctrica,https://www.edistribucion.com/es/conocenos/instalaciones-distribucion-red/distribucion-electrica.html,2026-05-06,Promoted from focused review as regional_default orientation.
canarias,Breña Alta,Santa Cruz de Tenerife,municipality:santa_cruz_de_tenerife::brena_alta,"e-distribución Redes Digitales, S.L.U.",regional_default,regional_default,e-distribución — distribución eléctrica,https://www.edistribucion.com/es/conocenos/instalaciones-distribucion-red/distribucion-electrica.html,2026-05-06,Promoted from focused review as regional_default orientation.
canarias,Breña Baja,Santa Cruz de Tenerife,municipality:santa_cruz_de_tenerife::brena_baja,"e-distribución Redes Digitales, S.L.U.",regional_default,regional_default,e-distribución — distribución eléctrica,https://www.edistribucion.com/es/conocenos/instalaciones-distribucion-red/distribucion-electrica.html,2026-05-06,Promoted from focused review as regional_default orientation.
canarias,Buenavista del Norte,Santa Cruz de Tenerife,municipality:santa_cruz_de_tenerife::buenavista_del_norte,"e-distribución Redes Digitales, S.L.U.",regional_default,regional_default,e-distribución — distribución eléctrica,https://www.edistribucion.com/es/conocenos/instalaciones-distribucion-red/distribucion-electrica.html,2026-05-06,Promoted from focused review as regional_default orientation.
canarias,Candelaria,Santa Cruz de Tenerife,municipality:santa_cruz_de_tenerife::candelaria,"e-distribución Redes Digitales, S.L.U.",regional_default,regional_default,e-distribución — distribución eléctrica,https://www.edistribucion.com/es/conocenos/instalaciones-distribucion-red/distribucion-electrica.html,2026-05-06,Promoted from focused review as regional_default orientation.
canarias,El Paso,Santa Cruz de Tenerife,municipality:santa_cruz_de_tenerife::el_paso,"e-distribución Redes Digitales, S.L.U.",regional_default,regional_default,e-distribución — distribución eléctrica,https://www.edistribucion.com/es/conocenos/instalaciones-distribucion-red/distribucion-electrica.html,2026-05-06,Promoted from focused review as regional_default orientation.
canarias,El Pinar de El Hierro,Santa Cruz de Tenerife,municipality:santa_cruz_de_tenerife::el_pinar_de_el_hierro,"e-distribución Redes Digitales, S.L.U.",regional_default,regional_default,e-distribución — distribución eléctrica,https://www.edistribucion.com/es/conocenos/instalaciones-distribucion-red/distribucion-electrica.html,2026-05-06,Promoted from focused review as regional_default orientation.
canarias,El Rosario,Santa Cruz de Tenerife,municipality:santa_cruz_de_tenerife::el_rosario,"e-distribución Redes Digitales, S.L.U.",regional_default,regional_default,e-distribución — distribución eléctrica,https://www.edistribucion.com/es/conocenos/instalaciones-distribucion-red/distribucion-electrica.html,2026-05-06,Promoted from focused review as regional_default orientation.
canarias,El Sauzal,Santa Cruz de Tenerife,municipality:santa_cruz_de_tenerife::el_sauzal,"e-distribución Redes Digitales, S.L.U.",regional_default,regional_default,e-distribución — distribución eléctrica,https://www.edistribucion.com/es/conocenos/instalaciones-distribucion-red/distribucion-electrica.html,2026-05-06,Promoted from focused review as regional_default orientation.
canarias,El Tanque,Santa Cruz de Tenerife,municipality:santa_cruz_de_tenerife::el_tanque,"e-distribución Redes Digitales, S.L.U.",regional_default,regional_default,e-distribución — distribución eléctrica,https://www.edistribucion.com/es/conocenos/instalaciones-distribucion-red/distribucion-electrica.html,2026-05-06,Promoted from focused review as regional_default orientation.
canarias,Fasnia,Santa Cruz de Tenerife,municipality:santa_cruz_de_tenerife::fasnia,"e-distribución Redes Digitales, S.L.U.",regional_default,regional_default,e-distribución — distribución eléctrica,https://www.edistribucion.com/es/conocenos/instalaciones-distribucion-red/distribucion-electrica.html,2026-05-06,Promoted from focused review as regional_default orientation.
canarias,Firgas,Las Palmas,municipality:las_palmas::firgas,"e-distribución Redes Digitales, S.L.U.",regional_default,regional_default,e-distribución — distribución eléctrica,https://www.edistribucion.com/es/conocenos/instalaciones-distribucion-red/distribucion-electrica.html,2026-05-06,Promoted from focused review as regional_default orientation.
canarias,Frontera,Santa Cruz de Tenerife,municipality:santa_cruz_de_tenerife::frontera,"e-distribución Redes Digitales, S.L.U.",regional_default,regional_default,e-distribución — distribución eléctrica,https://www.edistribucion.com/es/conocenos/instalaciones-distribucion-red/distribucion-electrica.html,2026-05-06,Promoted from focused review as regional_default orientation.
canarias,Fuencaliente de la Palma,Santa Cruz de Tenerife,municipality:santa_cruz_de_tenerife::fuencaliente_de_la_palma,"e-distribución Redes Digitales, S.L.U.",regional_default,regional_default,e-distribución — distribución eléctrica,https://www.edistribucion.com/es/conocenos/instalaciones-distribucion-red/distribucion-electrica.html,2026-05-06,Promoted from focused review as regional_default orientation.
canarias,Gáldar,Las Palmas,municipality:las_palmas::galdar,"e-distribución Redes Digitales, S.L.U.",regional_default,regional_default,e-distribución — distribución eléctrica,https://www.edistribucion.com/es/conocenos/instalaciones-distribucion-red/distribucion-electrica.html,2026-05-06,Promoted from focused review as regional_default orientation.
canarias,Garachico,Santa Cruz de Tenerife,municipality:santa_cruz_de_tenerife::garachico,"e-distribución Redes Digitales, S.L.U.",regional_default,regional_default,e-distribución — distribución eléctrica,https://www.edistribucion.com/es/conocenos/instalaciones-distribucion-red/distribucion-electrica.html,2026-05-06,Promoted from focused review as regional_default orientation.
canarias,Garafía,Santa Cruz de Tenerife,municipality:santa_cruz_de_tenerife::garafia,"e-distribución Redes Digitales, S.L.U.",regional_default,regional_default,e-distribución — distribución eléctrica,https://www.edistribucion.com/es/conocenos/instalaciones-distribucion-red/distribucion-electrica.html,2026-05-06,Promoted from focused review as regional_default orientation.
canarias,Granadilla de Abona,Santa Cruz de Tenerife,municipality:santa_cruz_de_tenerife::granadilla_de_abona,"e-distribución Redes Digitales, S.L.U.",regional_default,regional_default,e-distribución — distribución eléctrica,https://www.edistribucion.com/es/conocenos/instalaciones-distribucion-red/distribucion-electrica.html,2026-05-06,Promoted from focused review as regional_default orientation.
canarias,Guía de Isora,Santa Cruz de Tenerife,municipality:santa_cruz_de_tenerife::guia_de_isora,"e-distribución Redes Digitales, S.L.U.",regional_default,regional_default,e-distribución — distribución eléctrica,https://www.edistribucion.com/es/conocenos/instalaciones-distribucion-red/distribucion-electrica.html,2026-05-06,Promoted from focused review as regional_default orientation.
canarias,Güímar,Santa Cruz de Tenerife,municipality:santa_cruz_de_tenerife::guimar,"e-distribución Redes Digitales, S.L.U.",regional_default,regional_default,e-distribución — distribución eléctrica,https://www.edistribucion.com/es/conocenos/instalaciones-distribucion-red/distribucion-electrica.html,2026-05-06,Promoted from focused review as regional_default orientation.
canarias,Haría,Las Palmas,municipality:las_palmas::haria,"e-distribución Redes Digitales, S.L.U.",regional_default,regional_default,e-distribución — distribución eléctrica,https://www.edistribucion.com/es/conocenos/instalaciones-distribucion-red/distribucion-electrica.html,2026-05-06,Promoted from focused review as regional_default orientation.
canarias,Hermigua,Santa Cruz de Tenerife,municipality:santa_cruz_de_tenerife::hermigua,"e-distribución Redes Digitales, S.L.U.",regional_default,regional_default,e-distribución — distribución eléctrica,https://www.edistribucion.com/es/conocenos/instalaciones-distribucion-red/distribucion-electrica.html,2026-05-06,Promoted from focused review as regional_default orientation.
canarias,Icod de los Vinos,Santa Cruz de Tenerife,municipality:santa_cruz_de_tenerife::icod_de_los_vinos,"e-distribución Redes Digitales, S.L.U.",regional_default,regional_default,e-distribución — distribución eléctrica,https://www.edistribucion.com/es/conocenos/instalaciones-distribucion-red/distribucion-electrica.html,2026-05-06,Promoted from focused review as regional_default orientation.
canarias,Ingenio,Las Palmas,municipality:las_palmas::ingenio,"e-distribución Redes Digitales, S.L.U.",regional_default,regional_default,e-distribución — distribución eléctrica,https://www.edistribucion.com/es/conocenos/instalaciones-distribucion-red/distribucion-electrica.html,2026-05-06,Promoted from focused review as regional_default orientation.
canarias,La Aldea de San Nicolás,Las Palmas,municipality:las_palmas::la_aldea_de_san_nicolas,"e-distribución Redes Digitales, S.L.U.",regional_default,regional_default,e-distribución — distribución eléctrica,https://www.edistribucion.com/es/conocenos/instalaciones-distribucion-red/distribucion-electrica.html,2026-05-06,Promoted from focused review as regional_default orientation.
canarias,La Guancha,Santa Cruz de Tenerife,municipality:santa_cruz_de_tenerife::la_guancha,"e-distribución Redes Digitales, S.L.U.",regional_default,regional_default,e-distribución — distribución eléctrica,https://www.edistribucion.com/es/conocenos/instalaciones-distribucion-red/distribucion-electrica.html,2026-05-06,Promoted from focused review as regional_default orientation.
canarias,La Matanza de Acentejo,Santa Cruz de Tenerife,municipality:santa_cruz_de_tenerife::la_matanza_de_acentejo,"e-distribución Redes Digitales, S.L.U.",regional_default,regional_default,e-distribución — distribución eléctrica,https://www.edistribucion.com/es/conocenos/instalaciones-distribucion-red/distribucion-electrica.html,2026-05-06,Promoted from focused review as regional_default orientation.
canarias,La Oliva,Las Palmas,municipality:las_palmas::la_oliva,"e-distribución Redes Digitales, S.L.U.",regional_default,regional_default,e-distribución — distribución eléctrica,https://www.edistribucion.com/es/conocenos/instalaciones-distribucion-red/distribucion-electrica.html,2026-05-06,Promoted from focused review as regional_default orientation.
canarias,La Orotava,Santa Cruz de Tenerife,municipality:santa_cruz_de_tenerife::la_orotava,"e-distribución Redes Digitales, S.L.U.",regional_default,regional_default,e-distribución — distribución eléctrica,https://www.edistribucion.com/es/conocenos/instalaciones-distribucion-red/distribucion-electrica.html,2026-05-06,Promoted from focused review as regional_default orientation.
canarias,La Victoria de Acentejo,Santa Cruz de Tenerife,municipality:santa_cruz_de_tenerife::la_victoria_de_acentejo,"e-distribución Redes Digitales, S.L.U.",regional_default,regional_default,e-distribución — distribución eléctrica,https://www.edistribucion.com/es/conocenos/instalaciones-distribucion-red/distribucion-electrica.html,2026-05-06,Promoted from focused review as regional_default orientation.
canarias,Las Palmas de Gran Canaria,Las Palmas,municipality:las_palmas::las_palmas_de_gran_canaria,"e-distribución Redes Digitales, S.L.U.",regional_default,regional_default,e-distribución — distribución eléctrica,https://www.edistribucion.com/es/conocenos/instalaciones-distribucion-red/distribucion-electrica.html,2026-05-06,Promoted from focused review as regional_default orientation.
canarias,Los Llanos de Aridane,Santa Cruz de Tenerife,municipality:santa_cruz_de_tenerife::los_llanos_de_aridane,"e-distribución Redes Digitales, S.L.U.",regional_default,regional_default,e-distribución — distribución eléctrica,https://www.edistribucion.com/es/conocenos/instalaciones-distribucion-red/distribucion-electrica.html,2026-05-06,Promoted from focused review as regional_default orientation.
canarias,Los Realejos,Santa Cruz de Tenerife,municipality:santa_cruz_de_tenerife::los_realejos,"e-distribución Redes Digitales, S.L.U.",regional_default,regional_default,e-distribución — distribución eléctrica,https://www.edistribucion.com/es/conocenos/instalaciones-distribucion-red/distribucion-electrica.html,2026-05-06,Promoted from focused review as regional_default orientation.
canarias,Los Silos,Santa Cruz de Tenerife,municipality:santa_cruz_de_tenerife::los_silos,"e-distribución Redes Digitales, S.L.U.",regional_default,regional_default,e-distribución — distribución eléctrica,https://www.edistribucion.com/es/conocenos/instalaciones-distribucion-red/distribucion-electrica.html,2026-05-06,Promoted from focused review as regional_default orientation.
canarias,Mogán,Las Palmas,municipality:las_palmas::mogan,"e-distribución Redes Digitales, S.L.U.",regional_default,regional_default,e-distribución — distribución eléctrica,https://www.edistribucion.com/es/conocenos/instalaciones-distribucion-red/distribucion-electrica.html,2026-05-06,Promoted from focused review as regional_default orientation.
canarias,Moya,Las Palmas,municipality:las_palmas::moya,"e-distribución Redes Digitales, S.L.U.",regional_default,regional_default,e-distribución — distribución eléctrica,https://www.edistribucion.com/es/conocenos/instalaciones-distribucion-red/distribucion-electrica.html,2026-05-06,Promoted from focused review as regional_default orientation.
canarias,Pájara,Las Palmas,municipality:las_palmas::pajara,"e-distribución Redes Digitales, S.L.U.",regional_default,regional_default,e-distribución — distribución eléctrica,https://www.edistribucion.com/es/conocenos/instalaciones-distribucion-red/distribucion-electrica.html,2026-05-06,Promoted from focused review as regional_default orientation.
canarias,Puerto de la Cruz,Santa Cruz de Tenerife,municipality:santa_cruz_de_tenerife::puerto_de_la_cruz,"Distribuidora Eléctrica del Puerto de la Cruz, S.A.",verified_partial,local_exception,CNMC censo R1-294 y web pública de la distribuidora,https://www.electricapuertodelacruz.com/,2026-05-06,Excepción local detectada antes de importar el regional_default de e-distribución.
canarias,Puerto del Rosario,Las Palmas,municipality:las_palmas::puerto_del_rosario,"e-distribución Redes Digitales, S.L.U.",regional_default,regional_default,e-distribución — distribución eléctrica,https://www.edistribucion.com/es/conocenos/instalaciones-distribucion-red/distribucion-electrica.html,2026-05-06,Promoted from focused review as regional_default orientation.
canarias,Puntagorda,Santa Cruz de Tenerife,municipality:santa_cruz_de_tenerife::puntagorda,"e-distribución Redes Digitales, S.L.U.",regional_default,regional_default,e-distribución — distribución eléctrica,https://www.edistribucion.com/es/conocenos/instalaciones-distribucion-red/distribucion-electrica.html,2026-05-06,Promoted from focused review as regional_default orientation.
canarias,Puntallana,Santa Cruz de Tenerife,municipality:santa_cruz_de_tenerife::puntallana,"e-distribución Redes Digitales, S.L.U.",regional_default,regional_default,e-distribución — distribución eléctrica,https://www.edistribucion.com/es/conocenos/instalaciones-distribucion-red/distribucion-electrica.html,2026-05-06,Promoted from focused review as regional_default orientation.
canarias,San Andrés y Sauces,Santa Cruz de Tenerife,municipality:santa_cruz_de_tenerife::san_andres_y_sauces,"e-distribución Redes Digitales, S.L.U.",regional_default,regional_default,e-distribución — distribución eléctrica,https://www.edistribucion.com/es/conocenos/instalaciones-distribucion-red/distribucion-electrica.html,2026-05-06,Promoted from focused review as regional_default orientation.
canarias,San Bartolomé,Las Palmas,municipality:las_palmas::san_bartolome,"e-distribución Redes Digitales, S.L.U.",regional_default,regional_default,e-distribución — distribución eléctrica,https://www.edistribucion.com/es/conocenos/instalaciones-distribucion-red/distribucion-electrica.html,2026-05-06,Promoted from focused review as regional_default orientation.
canarias,San Bartolomé de Tirajana,Las Palmas,municipality:las_palmas::san_bartolome_de_tirajana,"e-distribución Redes Digitales, S.L.U.",regional_default,regional_default,e-distribución — distribución eléctrica,https://www.edistribucion.com/es/conocenos/instalaciones-distribucion-red/distribucion-electrica.html,2026-05-06,Promoted from focused review as regional_default orientation.
canarias,San Cristóbal de La Laguna,Santa Cruz de Tenerife,municipality:santa_cruz_de_tenerife::san_cristobal_de_la_laguna,"e-distribución Redes Digitales, S.L.U.",regional_default,regional_default,e-distribución — distribución eléctrica,https://www.edistribucion.com/es/conocenos/instalaciones-distribucion-red/distribucion-electrica.html,2026-05-06,Promoted from focused review as regional_default orientation.
canarias,San Juan de la Rambla,Santa Cruz de Tenerife,municipality:santa_cruz_de_tenerife::san_juan_de_la_rambla,"e-distribución Redes Digitales, S.L.U.",regional_default,regional_default,e-distribución — distribución eléctrica,https://www.edistribucion.com/es/conocenos/instalaciones-distribucion-red/distribucion-electrica.html,2026-05-06,Promoted from focused review as regional_default orientation.
canarias,San Miguel de Abona,Santa Cruz de Tenerife,municipality:santa_cruz_de_tenerife::san_miguel_de_abona,"e-distribución Redes Digitales, S.L.U.",regional_default,regional_default,e-distribución — distribución eléctrica,https://www.edistribucion.com/es/conocenos/instalaciones-distribucion-red/distribucion-electrica.html,2026-05-06,Promoted from focused review as regional_default orientation.
canarias,San Sebastián de la Gomera,Santa Cruz de Tenerife,municipality:santa_cruz_de_tenerife::san_sebastian_de_la_gomera,"e-distribución Redes Digitales, S.L.U.",regional_default,regional_default,e-distribución — distribución eléctrica,https://www.edistribucion.com/es/conocenos/instalaciones-distribucion-red/distribucion-electrica.html,2026-05-06,Promoted from focused review as regional_default orientation.
canarias,Santa Brígida,Las Palmas,municipality:las_palmas::santa_brigida,"e-distribución Redes Digitales, S.L.U.",regional_default,regional_default,e-distribución — distribución eléctrica,https://www.edistribucion.com/es/conocenos/instalaciones-distribucion-red/distribucion-electrica.html,2026-05-06,Promoted from focused review as regional_default orientation.
canarias,Santa Cruz de la Palma,Santa Cruz de Tenerife,municipality:santa_cruz_de_tenerife::santa_cruz_de_la_palma,"e-distribución Redes Digitales, S.L.U.",regional_default,regional_default,e-distribución — distribución eléctrica,https://www.edistribucion.com/es/conocenos/instalaciones-distribucion-red/distribucion-electrica.html,2026-05-06,Promoted from focused review as regional_default orientation.
canarias,Santa Cruz de Tenerife,Santa Cruz de Tenerife,municipality:santa_cruz_de_tenerife::santa_cruz_de_tenerife,"e-distribución Redes Digitales, S.L.U.",regional_default,regional_default,e-distribución — distribución eléctrica,https://www.edistribucion.com/es/conocenos/instalaciones-distribucion-red/distribucion-electrica.html,2026-05-06,Promoted from focused review as regional_default orientation.
canarias,Santa Lucía de Tirajana,Las Palmas,municipality:las_palmas::santa_lucia_de_tirajana,"e-distribución Redes Digitales, S.L.U.",regional_default,regional_default,e-distribución — distribución eléctrica,https://www.edistribucion.com/es/conocenos/instalaciones-distribucion-red/distribucion-electrica.html,2026-05-06,Promoted from focused review as regional_default orientation.
canarias,Santa María de Guía de Gran Canaria,Las Palmas,municipality:las_palmas::santa_maria_de_guia_de_gran_canaria,"e-distribución Redes Digitales, S.L.U.",regional_default,regional_default,e-distribución — distribución eléctrica,https://www.edistribucion.com/es/conocenos/instalaciones-distribucion-red/distribucion-electrica.html,2026-05-06,Promoted from focused review as regional_default orientation.
canarias,Santa Úrsula,Santa Cruz de Tenerife,municipality:santa_cruz_de_tenerife::santa_ursula,"e-distribución Redes Digitales, S.L.U.",regional_default,regional_default,e-distribución — distribución eléctrica,https://www.edistribucion.com/es/conocenos/instalaciones-distribucion-red/distribucion-electrica.html,2026-05-06,Promoted from focused review as regional_default orientation.
canarias,Santiago del Teide,Santa Cruz de Tenerife,municipality:santa_cruz_de_tenerife::santiago_del_teide,"e-distribución Redes Digitales, S.L.U.",regional_default,regional_default,e-distribución — distribución eléctrica,https://www.edistribucion.com/es/conocenos/instalaciones-distribucion-red/distribucion-electrica.html,2026-05-06,Promoted from focused review as regional_default orientation.
canarias,Tacoronte,Santa Cruz de Tenerife,municipality:santa_cruz_de_tenerife::tacoronte,"e-distribución Redes Digitales, S.L.U.",regional_default,regional_default,e-distribución — distribución eléctrica,https://www.edistribucion.com/es/conocenos/instalaciones-distribucion-red/distribucion-electrica.html,2026-05-06,Promoted from focused review as regional_default orientation.
canarias,Tazacorte,Santa Cruz de Tenerife,municipality:santa_cruz_de_tenerife::tazacorte,"e-distribución Redes Digitales, S.L.U.",regional_default,regional_default,e-distribución — distribución eléctrica,https://www.edistribucion.com/es/conocenos/instalaciones-distribucion-red/distribucion-electrica.html,2026-05-06,Promoted from focused review as regional_default orientation.
canarias,Tegueste,Santa Cruz de Tenerife,municipality:santa_cruz_de_tenerife::tegueste,"e-distribución Redes Digitales, S.L.U.",regional_default,regional_default,e-distribución — distribución eléctrica,https://www.edistribucion.com/es/conocenos/instalaciones-distribucion-red/distribucion-electrica.html,2026-05-06,Promoted from focused review as regional_default orientation.
canarias,Teguise,Las Palmas,municipality:las_palmas::teguise,"e-distribución Redes Digitales, S.L.U.",regional_default,regional_default,e-distribución — distribución eléctrica,https://www.edistribucion.com/es/conocenos/instalaciones-distribucion-red/distribucion-electrica.html,2026-05-06,Promoted from focused review as regional_default orientation.
canarias,Tejeda,Las Palmas,municipality:las_palmas::tejeda,"e-distribución Redes Digitales, S.L.U.",regional_default,regional_default,e-distribución — distribución eléctrica,https://www.edistribucion.com/es/conocenos/instalaciones-distribucion-red/distribucion-electrica.html,2026-05-06,Promoted from focused review as regional_default orientation.
canarias,Telde,Las Palmas,municipality:las_palmas::telde,"e-distribución Redes Digitales, S.L.U.",regional_default,regional_default,e-distribución — distribución eléctrica,https://www.edistribucion.com/es/conocenos/instalaciones-distribucion-red/distribucion-electrica.html,2026-05-06,Promoted from focused review as regional_default orientation.
canarias,Teror,Las Palmas,municipality:las_palmas::teror,"e-distribución Redes Digitales, S.L.U.",regional_default,regional_default,e-distribución — distribución eléctrica,https://www.edistribucion.com/es/conocenos/instalaciones-distribucion-red/distribucion-electrica.html,2026-05-06,Promoted from focused review as regional_default orientation.
canarias,Tías,Las Palmas,municipality:las_palmas::tias,"e-distribución Redes Digitales, S.L.U.",regional_default,regional_default,e-distribución — distribución eléctrica,https://www.edistribucion.com/es/conocenos/instalaciones-distribucion-red/distribucion-electrica.html,2026-05-06,Promoted from focused review as regional_default orientation.
canarias,Tijarafe,Santa Cruz de Tenerife,municipality:santa_cruz_de_tenerife::tijarafe,"e-distribución Redes Digitales, S.L.U.",regional_default,regional_default,e-distribución — distribución eléctrica,https://www.edistribucion.com/es/conocenos/instalaciones-distribucion-red/distribucion-electrica.html,2026-05-06,Promoted from focused review as regional_default orientation.
canarias,Tinajo,Las Palmas,municipality:las_palmas::tinajo,"e-distribución Redes Digitales, S.L.U.",regional_default,regional_default,e-distribución — distribución eléctrica,https://www.edistribucion.com/es/conocenos/instalaciones-distribucion-red/distribucion-electrica.html,2026-05-06,Promoted from focused review as regional_default orientation.
canarias,Tuineje,Las Palmas,municipality:las_palmas::tuineje,"e-distribución Redes Digitales, S.L.U.",regional_default,regional_default,e-distribución — distribución eléctrica,https://www.edistribucion.com/es/conocenos/instalaciones-distribucion-red/distribucion-electrica.html,2026-05-06,Promoted from focused review as regional_default orientation.
canarias,Valle Gran Rey,Santa Cruz de Tenerife,municipality:santa_cruz_de_tenerife::valle_gran_rey,"e-distribución Redes Digitales, S.L.U.",regional_default,regional_default,e-distribución — distribución eléctrica,https://www.edistribucion.com/es/conocenos/instalaciones-distribucion-red/distribucion-electrica.html,2026-05-06,Promoted from focused review as regional_default orientation.
canarias,Vallehermoso,Santa Cruz de Tenerife,municipality:santa_cruz_de_tenerife::vallehermoso,"e-distribución Redes Digitales, S.L.U.",regional_default,regional_default,e-distribución — distribución eléctrica,https://www.edistribucion.com/es/conocenos/instalaciones-distribucion-red/distribucion-electrica.html,2026-05-06,Promoted from focused review as regional_default orientation.
canarias,Valleseco,Las Palmas,municipality:las_palmas::valleseco,"e-distribución Redes Digitales, S.L.U.",regional_default,regional_default,e-distribución — distribución eléctrica,https://www.edistribucion.com/es/conocenos/instalaciones-distribucion-red/distribucion-electrica.html,2026-05-06,Promoted from focused review as regional_default orientation.
canarias,Valsequillo de Gran Canaria,Las Palmas,municipality:las_palmas::valsequillo_de_gran_canaria,"e-distribución Redes Digitales, S.L.U.",regional_default,regional_default,e-distribución — distribución eléctrica,https://www.edistribucion.com/es/conocenos/instalaciones-distribucion-red/distribucion-electrica.html,2026-05-06,Promoted from focused review as regional_default orientation.
canarias,Valverde,Santa Cruz de Tenerife,municipality:santa_cruz_de_tenerife::valverde,"e-distribución Redes Digitales, S.L.U.",regional_default,regional_default,e-distribución — distribución eléctrica,https://www.edistribucion.com/es/conocenos/instalaciones-distribucion-red/distribucion-electrica.html,2026-05-06,Promoted from focused review as regional_default orientation.
canarias,Vega de San Mateo,Las Palmas,municipality:las_palmas::vega_de_san_mateo,"e-distribución Redes Digitales, S.L.U.",regional_default,regional_default,e-distribución — distribución eléctrica,https://www.edistribucion.com/es/conocenos/instalaciones-distribucion-red/distribucion-electrica.html,2026-05-06,Promoted from focused review as regional_default orientation.
canarias,Vilaflor de Chasna,Santa Cruz de Tenerife,municipality:santa_cruz_de_tenerife::vilaflor_de_chasna,"e-distribución Redes Digitales, S.L.U.",regional_default,regional_default,e-distribución — distribución eléctrica,https://www.edistribucion.com/es/conocenos/instalaciones-distribucion-red/distribucion-electrica.html,2026-05-06,Promoted from focused review as regional_default orientation.
canarias,Villa de Mazo,Santa Cruz de Tenerife,municipality:santa_cruz_de_tenerife::villa_de_mazo,"e-distribución Redes Digitales, S.L.U.",regional_default,regional_default,e-distribución — distribución eléctrica,https://www.edistribucion.com/es/conocenos/instalaciones-distribucion-red/distribucion-electrica.html,2026-05-06,Promoted from focused review as regional_default orientation.
canarias,Yaiza,Las Palmas,municipality:las_palmas::yaiza,"e-distribución Redes Digitales, S.L.U.",regional_default,regional_default,e-distribución — distribución eléctrica,https://www.edistribucion.com/es/conocenos/instalaciones-distribucion-red/distribucion-electrica.html,2026-05-06,Promoted from focused review as regional_default orientation.
ceuta,Ceuta,Ceuta,municipality:ceuta::ceuta,"Empresa de Alumbrado Eléctrico de Ceuta Distribución, S.A.U.",verified_partial,local_exception,CNMC censo R1-030,https://sede.cnmc.gob.es/listado/censo/1,2026-05-06,"Ceuta se importa con distribuidora específica, no como e-distribución genérica."
illes_balears,Alaior,Illes Balears,municipality:illes_balears::alaior,"e-distribución Redes Digitales, S.L.U.",regional_default,regional_default,e-distribución — distribución eléctrica,https://www.edistribucion.com/es/conocenos/instalaciones-distribucion-red/distribucion-electrica.html,2026-05-06,Promoted from focused review as regional_default orientation.
illes_balears,Alaró,Illes Balears,municipality:illes_balears::alaro,"e-distribución Redes Digitales, S.L.U.",regional_default,regional_default,e-distribución — distribución eléctrica,https://www.edistribucion.com/es/conocenos/instalaciones-distribucion-red/distribucion-electrica.html,2026-05-06,Promoted from focused review as regional_default orientation.
illes_balears,Alcúdia,Illes Balears,municipality:illes_balears::alcudia,"e-distribución Redes Digitales, S.L.U.",regional_default,regional_default,e-distribución — distribución eléctrica,https://www.edistribucion.com/es/conocenos/instalaciones-distribucion-red/distribucion-electrica.html,2026-05-06,Promoted from focused review as regional_default orientation.
illes_balears,Algaida,Illes Balears,municipality:illes_balears::algaida,"e-distribución Redes Digitales, S.L.U.",regional_default,regional_default,e-distribución — distribución eléctrica,https://www.edistribucion.com/es/conocenos/instalaciones-distribucion-red/distribucion-electrica.html,2026-05-06,Promoted from focused review as regional_default orientation.
illes_balears,Andratx,Illes Balears,municipality:illes_balears::andratx,"e-distribución Redes Digitales, S.L.U.",regional_default,regional_default,e-distribución — distribución eléctrica,https://www.edistribucion.com/es/conocenos/instalaciones-distribucion-red/distribucion-electrica.html,2026-05-06,Promoted from focused review as regional_default orientation.
illes_balears,Ariany,Illes Balears,municipality:illes_balears::ariany,"e-distribución Redes Digitales, S.L.U.",regional_default,regional_default,e-distribución — distribución eléctrica,https://www.edistribucion.com/es/conocenos/instalaciones-distribucion-red/distribucion-electrica.html,2026-05-06,Promoted from focused review as regional_default orientation.
illes_balears,Artà,Illes Balears,municipality:illes_balears::arta,"e-distribución Redes Digitales, S.L.U.",regional_default,regional_default,e-distribución — distribución eléctrica,https://www.edistribucion.com/es/conocenos/instalaciones-distribucion-red/distribucion-electrica.html,2026-05-06,Promoted from focused review as regional_default orientation.
illes_balears,Banyalbufar,Illes Balears,municipality:illes_balears::banyalbufar,"e-distribución Redes Digitales, S.L.U.",regional_default,regional_default,e-distribución — distribución eléctrica,https://www.edistribucion.com/es/conocenos/instalaciones-distribucion-red/distribucion-electrica.html,2026-05-06,Promoted from focused review as regional_default orientation.
illes_balears,Binissalem,Illes Balears,municipality:illes_balears::binissalem,"e-distribución Redes Digitales, S.L.U.",regional_default,regional_default,e-distribución — distribución eléctrica,https://www.edistribucion.com/es/conocenos/instalaciones-distribucion-red/distribucion-electrica.html,2026-05-06,Promoted from focused review as regional_default orientation.
illes_balears,Búger,Illes Balears,municipality:illes_balears::buger,"e-distribución Redes Digitales, S.L.U.",regional_default,regional_default,e-distribución — distribución eléctrica,https://www.edistribucion.com/es/conocenos/instalaciones-distribucion-red/distribucion-electrica.html,2026-05-06,Promoted from focused review as regional_default orientation.
illes_balears,Bunyola,Illes Balears,municipality:illes_balears::bunyola,"e-distribución Redes Digitales, S.L.U.",regional_default,regional_default,e-distribución — distribución eléctrica,https://www.edistribucion.com/es/conocenos/instalaciones-distribucion-red/distribucion-electrica.html,2026-05-06,Promoted from focused review as regional_default orientation.
illes_balears,Calvià,Illes Balears,municipality:illes_balears::calvia,"e-distribución Redes Digitales, S.L.U.",regional_default,regional_default,e-distribución — distribución eléctrica,https://www.edistribucion.com/es/conocenos/instalaciones-distribucion-red/distribucion-electrica.html,2026-05-06,Promoted from focused review as regional_default orientation.
illes_balears,Campanet,Illes Balears,municipality:illes_balears::campanet,"e-distribución Redes Digitales, S.L.U.",regional_default,regional_default,e-distribución — distribución eléctrica,https://www.edistribucion.com/es/conocenos/instalaciones-distribucion-red/distribucion-electrica.html,2026-05-06,Promoted from focused review as regional_default orientation.
illes_balears,Campos,Illes Balears,municipality:illes_balears::campos,"e-distribución Redes Digitales, S.L.U.",regional_default,regional_default,e-distribución — distribución eléctrica,https://www.edistribucion.com/es/conocenos/instalaciones-distribucion-red/distribucion-electrica.html,2026-05-06,Promoted from focused review as regional_default orientation.
illes_balears,Capdepera,Illes Balears,municipality:illes_balears::capdepera,"e-distribución Redes Digitales, S.L.U.",regional_default,regional_default,e-distribución — distribución eléctrica,https://www.edistribucion.com/es/conocenos/instalaciones-distribucion-red/distribucion-electrica.html,2026-05-06,Promoted from focused review as regional_default orientation.
illes_balears,Ciutadella de Menorca,Illes Balears,municipality:illes_balears::ciutadella_de_menorca,"e-distribución Redes Digitales, S.L.U.",regional_default,regional_default,e-distribución — distribución eléctrica,https://www.edistribucion.com/es/conocenos/instalaciones-distribucion-red/distribucion-electrica.html,2026-05-06,Promoted from focused review as regional_default orientation.
illes_balears,Consell,Illes Balears,municipality:illes_balears::consell,"e-distribución Redes Digitales, S.L.U.",regional_default,regional_default,e-distribución — distribución eléctrica,https://www.edistribucion.com/es/conocenos/instalaciones-distribucion-red/distribucion-electrica.html,2026-05-06,Promoted from focused review as regional_default orientation.
illes_balears,Costitx,Illes Balears,municipality:illes_balears::costitx,"e-distribución Redes Digitales, S.L.U.",regional_default,regional_default,e-distribución — distribución eléctrica,https://www.edistribucion.com/es/conocenos/instalaciones-distribucion-red/distribucion-electrica.html,2026-05-06,Promoted from focused review as regional_default orientation.
illes_balears,Deià,Illes Balears,municipality:illes_balears::deia,"e-distribución Redes Digitales, S.L.U.",regional_default,regional_default,e-distribución — distribución eléctrica,https://www.edistribucion.com/es/conocenos/instalaciones-distribucion-red/distribucion-electrica.html,2026-05-06,Promoted from focused review as regional_default orientation.
illes_balears,Eivissa,Illes Balears,municipality:illes_balears::eivissa,"e-distribución Redes Digitales, S.L.U.",regional_default,regional_default,e-distribución — distribución eléctrica,https://www.edistribucion.com/es/conocenos/instalaciones-distribucion-red/distribucion-electrica.html,2026-05-06,Promoted from focused review as regional_default orientation.
illes_balears,es Castell,Illes Balears,municipality:illes_balears::es_castell,"e-distribución Redes Digitales, S.L.U.",regional_default,regional_default,e-distribución — distribución eléctrica,https://www.edistribucion.com/es/conocenos/instalaciones-distribucion-red/distribucion-electrica.html,2026-05-06,Promoted from focused review as regional_default orientation.
illes_balears,Es Mercadal,Illes Balears,municipality:illes_balears::es_mercadal,"e-distribución Redes Digitales, S.L.U.",regional_default,regional_default,e-distribución — distribución eléctrica,https://www.edistribucion.com/es/conocenos/instalaciones-distribucion-red/distribucion-electrica.html,2026-05-06,Promoted from focused review as regional_default orientation.
illes_balears,Es Migjorn Gran,Illes Balears,municipality:illes_balears::es_migjorn_gran,"e-distribución Redes Digitales, S.L.U.",regional_default,regional_default,e-distribución — distribución eléctrica,https://www.edistribucion.com/es/conocenos/instalaciones-distribucion-red/distribucion-electrica.html,2026-05-06,Promoted from focused review as regional_default orientation.
illes_balears,Escorca,Illes Balears,municipality:illes_balears::escorca,"e-distribución Redes Digitales, S.L.U.",regional_default,regional_default,e-distribución — distribución eléctrica,https://www.edistribucion.com/es/conocenos/instalaciones-distribucion-red/distribucion-electrica.html,2026-05-06,Promoted from focused review as regional_default orientation.
illes_balears,Esporles,Illes Balears,municipality:illes_balears::esporles,"e-distribución Redes Digitales, S.L.U.",regional_default,regional_default,e-distribución — distribución eléctrica,https://www.edistribucion.com/es/conocenos/instalaciones-distribucion-red/distribucion-electrica.html,2026-05-06,Promoted from focused review as regional_default orientation.
illes_balears,Estellencs,Illes Balears,municipality:illes_balears::estellencs,"e-distribución Redes Digitales, S.L.U.",regional_default,regional_default,e-distribución — distribución eléctrica,https://www.edistribucion.com/es/conocenos/instalaciones-distribucion-red/distribucion-electrica.html,2026-05-06,Promoted from focused review as regional_default orientation.
illes_balears,Felanitx,Illes Balears,municipality:illes_balears::felanitx,"e-distribución Redes Digitales, S.L.U.",regional_default,regional_default,e-distribución — distribución eléctrica,https://www.edistribucion.com/es/conocenos/instalaciones-distribucion-red/distribucion-electrica.html,2026-05-06,Promoted from focused review as regional_default orientation.
illes_balears,Ferreries,Illes Balears,municipality:illes_balears::ferreries,"e-distribución Redes Digitales, S.L.U.",regional_default,regional_default,e-distribución — distribución eléctrica,https://www.edistribucion.com/es/conocenos/instalaciones-distribucion-red/distribucion-electrica.html,2026-05-06,Promoted from focused review as regional_default orientation.
illes_balears,Formentera,Illes Balears,municipality:illes_balears::formentera,"e-distribución Redes Digitales, S.L.U.",regional_default,regional_default,e-distribución — distribución eléctrica,https://www.edistribucion.com/es/conocenos/instalaciones-distribucion-red/distribucion-electrica.html,2026-05-06,Promoted from focused review as regional_default orientation.
illes_balears,Fornalutx,Illes Balears,municipality:illes_balears::fornalutx,"e-distribución Redes Digitales, S.L.U.",regional_default,regional_default,e-distribución — distribución eléctrica,https://www.edistribucion.com/es/conocenos/instalaciones-distribucion-red/distribucion-electrica.html,2026-05-06,Promoted from focused review as regional_default orientation.
illes_balears,Inca,Illes Balears,municipality:illes_balears::inca,"e-distribución Redes Digitales, S.L.U.",regional_default,regional_default,e-distribución — distribución eléctrica,https://www.edistribucion.com/es/conocenos/instalaciones-distribucion-red/distribucion-electrica.html,2026-05-06,Promoted from focused review as regional_default orientation.
illes_balears,Lloret de Vistalegre,Illes Balears,municipality:illes_balears::lloret_de_vistalegre,"e-distribución Redes Digitales, S.L.U.",regional_default,regional_default,e-distribución — distribución eléctrica,https://www.edistribucion.com/es/conocenos/instalaciones-distribucion-red/distribucion-electrica.html,2026-05-06,Promoted from focused review as regional_default orientation.
illes_balears,Lloseta,Illes Balears,municipality:illes_balears::lloseta,"e-distribución Redes Digitales, S.L.U.",regional_default,regional_default,e-distribución — distribución eléctrica,https://www.edistribucion.com/es/conocenos/instalaciones-distribucion-red/distribucion-electrica.html,2026-05-06,Promoted from focused review as regional_default orientation.
illes_balears,Llubí,Illes Balears,municipality:illes_balears::llubi,"e-distribución Redes Digitales, S.L.U.",regional_default,regional_default,e-distribución — distribución eléctrica,https://www.edistribucion.com/es/conocenos/instalaciones-distribucion-red/distribucion-electrica.html,2026-05-06,Promoted from focused review as regional_default orientation.
illes_balears,Llucmajor,Illes Balears,municipality:illes_balears::llucmajor,"e-distribución Redes Digitales, S.L.U.",regional_default,regional_default,e-distribución — distribución eléctrica,https://www.edistribucion.com/es/conocenos/instalaciones-distribucion-red/distribucion-electrica.html,2026-05-06,Promoted from focused review as regional_default orientation.
illes_balears,Manacor,Illes Balears,municipality:illes_balears::manacor,"e-distribución Redes Digitales, S.L.U.",regional_default,regional_default,e-distribución — distribución eléctrica,https://www.edistribucion.com/es/conocenos/instalaciones-distribucion-red/distribucion-electrica.html,2026-05-06,Promoted from focused review as regional_default orientation.
illes_balears,Mancor de la Vall,Illes Balears,municipality:illes_balears::mancor_de_la_vall,"e-distribución Redes Digitales, S.L.U.",regional_default,regional_default,e-distribución — distribución eléctrica,https://www.edistribucion.com/es/conocenos/instalaciones-distribucion-red/distribucion-electrica.html,2026-05-06,Promoted from focused review as regional_default orientation.
illes_balears,Maó,Illes Balears,municipality:illes_balears::mao,"e-distribución Redes Digitales, S.L.U.",regional_default,regional_default,e-distribución — distribución eléctrica,https://www.edistribucion.com/es/conocenos/instalaciones-distribucion-red/distribucion-electrica.html,2026-05-06,Promoted from focused review as regional_default orientation.
illes_balears,Maó-Mahón,Illes Balears,municipality:illes_balears::mao_mahon,"e-distribución Redes Digitales, S.L.U.",regional_default,regional_default,e-distribución — distribución eléctrica,https://www.edistribucion.com/es/conocenos/instalaciones-distribucion-red/distribucion-electrica.html,2026-05-06,Promoted from focused review as regional_default orientation.
illes_balears,Maria de la Salut,Illes Balears,municipality:illes_balears::maria_de_la_salut,"e-distribución Redes Digitales, S.L.U.",regional_default,regional_default,e-distribución — distribución eléctrica,https://www.edistribucion.com/es/conocenos/instalaciones-distribucion-red/distribucion-electrica.html,2026-05-06,Promoted from focused review as regional_default orientation.
illes_balears,Marratxí,Illes Balears,municipality:illes_balears::marratxi,"e-distribución Redes Digitales, S.L.U.",regional_default,regional_default,e-distribución — distribución eléctrica,https://www.edistribucion.com/es/conocenos/instalaciones-distribucion-red/distribucion-electrica.html,2026-05-06,Promoted from focused review as regional_default orientation.
illes_balears,Montuïri,Illes Balears,municipality:illes_balears::montuiri,"e-distribución Redes Digitales, S.L.U.",regional_default,regional_default,e-distribución — distribución eléctrica,https://www.edistribucion.com/es/conocenos/instalaciones-distribucion-red/distribucion-electrica.html,2026-05-06,Promoted from focused review as regional_default orientation.
illes_balears,Muro,Illes Balears,municipality:illes_balears::muro,"e-distribución Redes Digitales, S.L.U.",regional_default,regional_default,e-distribución — distribución eléctrica,https://www.edistribucion.com/es/conocenos/instalaciones-distribucion-red/distribucion-electrica.html,2026-05-06,Promoted from focused review as regional_default orientation.
illes_balears,Palma,Illes Balears,municipality:illes_balears::palma,"e-distribución Redes Digitales, S.L.U.",regional_default,regional_default,e-distribución — distribución eléctrica,https://www.edistribucion.com/es/conocenos/instalaciones-distribucion-red/distribucion-electrica.html,2026-05-06,Promoted from focused review as regional_default orientation.
illes_balears,Petra,Illes Balears,municipality:illes_balears::petra,"e-distribución Redes Digitales, S.L.U.",regional_default,regional_default,e-distribución — distribución eléctrica,https://www.edistribucion.com/es/conocenos/instalaciones-distribucion-red/distribucion-electrica.html,2026-05-06,Promoted from focused review as regional_default orientation.
illes_balears,Pollença,Illes Balears,municipality:illes_balears::pollenca,"e-distribución Redes Digitales, S.L.U.",regional_default,regional_default,e-distribución — distribución eléctrica,https://www.edistribucion.com/es/conocenos/instalaciones-distribucion-red/distribucion-electrica.html,2026-05-06,Promoted from focused review as regional_default orientation.
illes_balears,Porreres,Illes Balears,municipality:illes_balears::porreres,"e-distribución Redes Digitales, S.L.U.",regional_default,regional_default,e-distribución — distribución eléctrica,https://www.edistribucion.com/es/conocenos/instalaciones-distribucion-red/distribucion-electrica.html,2026-05-06,Promoted from focused review as regional_default orientation.
illes_balears,Puigpunyent,Illes Balears,municipality:illes_balears::puigpunyent,"e-distribución Redes Digitales, S.L.U.",regional_default,regional_default,e-distribución — distribución eléctrica,https://www.edistribucion.com/es/conocenos/instalaciones-distribucion-red/distribucion-electrica.html,2026-05-06,Promoted from focused review as regional_default orientation.
illes_balears,Sa Pobla,Illes Balears,municipality:illes_balears::sa_pobla,"e-distribución Redes Digitales, S.L.U.",regional_default,regional_default,e-distribución — distribución eléctrica,https://www.edistribucion.com/es/conocenos/instalaciones-distribucion-red/distribucion-electrica.html,2026-05-06,Promoted from focused review as regional_default orientation.
illes_balears,Sant Antoni de Portmany,Illes Balears,municipality:illes_balears::sant_antoni_de_portmany,"e-distribución Redes Digitales, S.L.U.",regional_default,regional_default,e-distribución — distribución eléctrica,https://www.edistribucion.com/es/conocenos/instalaciones-distribucion-red/distribucion-electrica.html,2026-05-06,Promoted from focused review as regional_default orientation.
illes_balears,Sant Joan,Illes Balears,municipality:illes_balears::sant_joan,"e-distribución Redes Digitales, S.L.U.",regional_default,regional_default,e-distribución — distribución eléctrica,https://www.edistribucion.com/es/conocenos/instalaciones-distribucion-red/distribucion-electrica.html,2026-05-06,Promoted from focused review as regional_default orientation.
illes_balears,Sant Joan de Labritja,Illes Balears,municipality:illes_balears::sant_joan_de_labritja,"e-distribución Redes Digitales, S.L.U.",regional_default,regional_default,e-distribución — distribución eléctrica,https://www.edistribucion.com/es/conocenos/instalaciones-distribucion-red/distribucion-electrica.html,2026-05-06,Promoted from focused review as regional_default orientation.
illes_balears,Sant Josep de sa Talaia,Illes Balears,municipality:illes_balears::sant_josep_de_sa_talaia,"e-distribución Redes Digitales, S.L.U.",regional_default,regional_default,e-distribución — distribución eléctrica,https://www.edistribucion.com/es/conocenos/instalaciones-distribucion-red/distribucion-electrica.html,2026-05-06,Promoted from focused review as regional_default orientation.
illes_balears,Sant Llorenç des Cardassar,Illes Balears,municipality:illes_balears::sant_llorenc_des_cardassar,"e-distribución Redes Digitales, S.L.U.",regional_default,regional_default,e-distribución — distribución eléctrica,https://www.edistribucion.com/es/conocenos/instalaciones-distribucion-red/distribucion-electrica.html,2026-05-06,Promoted from focused review as regional_default orientation.
illes_balears,Sant Lluís,Illes Balears,municipality:illes_balears::sant_lluis,"e-distribución Redes Digitales, S.L.U.",regional_default,regional_default,e-distribución — distribución eléctrica,https://www.edistribucion.com/es/conocenos/instalaciones-distribucion-red/distribucion-electrica.html,2026-05-06,Promoted from focused review as regional_default orientation.
illes_balears,Santa Eugènia,Illes Balears,municipality:illes_balears::santa_eugenia,"e-distribución Redes Digitales, S.L.U.",regional_default,regional_default,e-distribución — distribución eléctrica,https://www.edistribucion.com/es/conocenos/instalaciones-distribucion-red/distribucion-electrica.html,2026-05-06,Promoted from focused review as regional_default orientation.
illes_balears,Santa Eulària des Riu,Illes Balears,municipality:illes_balears::santa_eularia_des_riu,"e-distribución Redes Digitales, S.L.U.",regional_default,regional_default,e-distribución — distribución eléctrica,https://www.edistribucion.com/es/conocenos/instalaciones-distribucion-red/distribucion-electrica.html,2026-05-06,Promoted from focused review as regional_default orientation.
illes_balears,Santa Margalida,Illes Balears,municipality:illes_balears::santa_margalida,"e-distribución Redes Digitales, S.L.U.",regional_default,regional_default,e-distribución — distribución eléctrica,https://www.edistribucion.com/es/conocenos/instalaciones-distribucion-red/distribucion-electrica.html,2026-05-06,Promoted from focused review as regional_default orientation.
illes_balears,Santa María del Camí,Illes Balears,municipality:illes_balears::santa_maria_del_cami,"e-distribución Redes Digitales, S.L.U.",regional_default,regional_default,e-distribución — distribución eléctrica,https://www.edistribucion.com/es/conocenos/instalaciones-distribucion-red/distribucion-electrica.html,2026-05-06,Promoted from focused review as regional_default orientation.
illes_balears,Santanyí,Illes Balears,municipality:illes_balears::santanyi,"e-distribución Redes Digitales, S.L.U.",regional_default,regional_default,e-distribución — distribución eléctrica,https://www.edistribucion.com/es/conocenos/instalaciones-distribucion-red/distribucion-electrica.html,2026-05-06,Promoted from focused review as regional_default orientation.
illes_balears,Selva,Illes Balears,municipality:illes_balears::selva,"e-distribución Redes Digitales, S.L.U.",regional_default,regional_default,e-distribución — distribución eléctrica,https://www.edistribucion.com/es/conocenos/instalaciones-distribucion-red/distribucion-electrica.html,2026-05-06,Promoted from focused review as regional_default orientation.
illes_balears,Sencelles,Illes Balears,municipality:illes_balears::sencelles,"e-distribución Redes Digitales, S.L.U.",regional_default,regional_default,e-distribución — distribución eléctrica,https://www.edistribucion.com/es/conocenos/instalaciones-distribucion-red/distribucion-electrica.html,2026-05-06,Promoted from focused review as regional_default orientation.
illes_balears,ses Salines,Illes Balears,municipality:illes_balears::ses_salines,"e-distribución Redes Digitales, S.L.U.",regional_default,regional_default,e-distribución — distribución eléctrica,https://www.edistribucion.com/es/conocenos/instalaciones-distribucion-red/distribucion-electrica.html,2026-05-06,Promoted from focused review as regional_default orientation.
illes_balears,Sineu,Illes Balears,municipality:illes_balears::sineu,"e-distribución Redes Digitales, S.L.U.",regional_default,regional_default,e-distribución — distribución eléctrica,https://www.edistribucion.com/es/conocenos/instalaciones-distribucion-red/distribucion-electrica.html,2026-05-06,Promoted from focused review as regional_default orientation.
illes_balears,Sóller,Illes Balears,municipality:illes_balears::soller,"Vall de Sóller Energia, S.L.U.",verified_partial,local_exception,CNMC censo R1-056,https://sede.cnmc.gob.es/listado/censo/1,2026-05-06,Excepción local detectada antes de importar el regional_default de e-distribución.
illes_balears,Son Servera,Illes Balears,municipality:illes_balears::son_servera,"e-distribución Redes Digitales, S.L.U.",regional_default,regional_default,e-distribución — distribución eléctrica,https://www.edistribucion.com/es/conocenos/instalaciones-distribucion-red/distribucion-electrica.html,2026-05-06,Promoted from focused review as regional_default orientation.
illes_balears,Valldemossa,Illes Balears,municipality:illes_balears::valldemossa,"e-distribución Redes Digitales, S.L.U.",regional_default,regional_default,e-distribución — distribución eléctrica,https://www.edistribucion.com/es/conocenos/instalaciones-distribucion-red/distribucion-electrica.html,2026-05-06,Promoted from focused review as regional_default orientation.
illes_balears,Vilafranca de Bonany,Illes Balears,municipality:illes_balears::vilafranca_de_bonany,"e-distribución Redes Digitales, S.L.U.",regional_default,regional_default,e-distribución — distribución eléctrica,https://www.edistribucion.com/es/conocenos/instalaciones-distribucion-red/distribucion-electrica.html,2026-05-06,Promoted from focused review as regional_default orientation.
