dataset_id,municipio,province,zone_id,candidate_distributor,candidate_confidence,review_status,bulk_import_allowed,source_name,source_url,source_type,already_productive,notes
madrid,Colmenar del Arroyo,Madrid,municipality:madrid::colmenar_del_arroyo,multi-distribuidora: requiere revisión,needs_municipal_review,multi_distributor_region_needs_municipal_review,no,UFD — presencia regional + herramientas oficiales de consulta,https://www.ufd.es/quienes-somos/,official_public_source_or_review_tool,no,"UFD declara presencia en Comunidad de Madrid, pero no se debe importar toda la comunidad sin revisión municipal."
madrid,Valdepiélagos,Madrid,municipality:madrid::valdepielagos,multi-distribuidora: requiere revisión,needs_municipal_review,multi_distributor_region_needs_municipal_review,no,UFD — presencia regional + herramientas oficiales de consulta,https://www.ufd.es/quienes-somos/,official_public_source_or_review_tool,no,"UFD declara presencia en Comunidad de Madrid, pero no se debe importar toda la comunidad sin revisión municipal."
madrid,Prádena del Rincón,Madrid,municipality:madrid::pradena_del_rincon,multi-distribuidora: requiere revisión,needs_municipal_review,multi_distributor_region_needs_municipal_review,no,UFD — presencia regional + herramientas oficiales de consulta,https://www.ufd.es/quienes-somos/,official_public_source_or_review_tool,no,"UFD declara presencia en Comunidad de Madrid, pero no se debe importar toda la comunidad sin revisión municipal."
madrid,Torrelaguna,Madrid,municipality:madrid::torrelaguna,multi-distribuidora: requiere revisión,needs_municipal_review,multi_distributor_region_needs_municipal_review,no,UFD — presencia regional + herramientas oficiales de consulta,https://www.ufd.es/quienes-somos/,official_public_source_or_review_tool,no,"UFD declara presencia en Comunidad de Madrid, pero no se debe importar toda la comunidad sin revisión municipal."
madrid,Robledo de Chavela,Madrid,municipality:madrid::robledo_de_chavela,multi-distribuidora: requiere revisión,needs_municipal_review,multi_distributor_region_needs_municipal_review,no,UFD — presencia regional + herramientas oficiales de consulta,https://www.ufd.es/quienes-somos/,official_public_source_or_review_tool,no,"UFD declara presencia en Comunidad de Madrid, pero no se debe importar toda la comunidad sin revisión municipal."
madrid,Madrid,Madrid,municipality:madrid::madrid,multi-distribuidora: requiere revisión,needs_municipal_review,multi_distributor_region_needs_municipal_review,no,UFD — presencia regional + herramientas oficiales de consulta,https://www.ufd.es/quienes-somos/,official_public_source_or_review_tool,no,"UFD declara presencia en Comunidad de Madrid, pero no se debe importar toda la comunidad sin revisión municipal."
madrid,Navas del Rey,Madrid,municipality:madrid::navas_del_rey,multi-distribuidora: requiere revisión,needs_municipal_review,multi_distributor_region_needs_municipal_review,no,UFD — presencia regional + herramientas oficiales de consulta,https://www.ufd.es/quienes-somos/,official_public_source_or_review_tool,no,"UFD declara presencia en Comunidad de Madrid, pero no se debe importar toda la comunidad sin revisión municipal."
madrid,Cabanillas de la Sierra,Madrid,municipality:madrid::cabanillas_de_la_sierra,multi-distribuidora: requiere revisión,needs_municipal_review,multi_distributor_region_needs_municipal_review,no,UFD — presencia regional + herramientas oficiales de consulta,https://www.ufd.es/quienes-somos/,official_public_source_or_review_tool,no,"UFD declara presencia en Comunidad de Madrid, pero no se debe importar toda la comunidad sin revisión municipal."
madrid,El Álamo,Madrid,municipality:madrid::el_alamo,multi-distribuidora: requiere revisión,needs_municipal_review,multi_distributor_region_needs_municipal_review,no,UFD — presencia regional + herramientas oficiales de consulta,https://www.ufd.es/quienes-somos/,official_public_source_or_review_tool,no,"UFD declara presencia en Comunidad de Madrid, pero no se debe importar toda la comunidad sin revisión municipal."
madrid,San Fernando de Henares,Madrid,municipality:madrid::san_fernando_de_henares,multi-distribuidora: requiere revisión,needs_municipal_review,multi_distributor_region_needs_municipal_review,no,UFD — presencia regional + herramientas oficiales de consulta,https://www.ufd.es/quienes-somos/,official_public_source_or_review_tool,no,"UFD declara presencia en Comunidad de Madrid, pero no se debe importar toda la comunidad sin revisión municipal."
madrid,Navarredonda y San Mamés,Madrid,municipality:madrid::navarredonda_y_san_mames,multi-distribuidora: requiere revisión,needs_municipal_review,multi_distributor_region_needs_municipal_review,no,UFD — presencia regional + herramientas oficiales de consulta,https://www.ufd.es/quienes-somos/,official_public_source_or_review_tool,no,"UFD declara presencia en Comunidad de Madrid, pero no se debe importar toda la comunidad sin revisión municipal."
madrid,Fresnedillas de la Oliva,Madrid,municipality:madrid::fresnedillas_de_la_oliva,multi-distribuidora: requiere revisión,needs_municipal_review,multi_distributor_region_needs_municipal_review,no,UFD — presencia regional + herramientas oficiales de consulta,https://www.ufd.es/quienes-somos/,official_public_source_or_review_tool,no,"UFD declara presencia en Comunidad de Madrid, pero no se debe importar toda la comunidad sin revisión municipal."
madrid,La Acebeda,Madrid,municipality:madrid::la_acebeda,multi-distribuidora: requiere revisión,needs_municipal_review,multi_distributor_region_needs_municipal_review,no,UFD — presencia regional + herramientas oficiales de consulta,https://www.ufd.es/quienes-somos/,official_public_source_or_review_tool,no,"UFD declara presencia en Comunidad de Madrid, pero no se debe importar toda la comunidad sin revisión municipal."
madrid,Piñuécar-Gandullas,Madrid,municipality:madrid::pinuecar_gandullas,multi-distribuidora: requiere revisión,needs_municipal_review,multi_distributor_region_needs_municipal_review,no,UFD — presencia regional + herramientas oficiales de consulta,https://www.ufd.es/quienes-somos/,official_public_source_or_review_tool,no,"UFD declara presencia en Comunidad de Madrid, pero no se debe importar toda la comunidad sin revisión municipal."
madrid,Villanueva de Perales,Madrid,municipality:madrid::villanueva_de_perales,multi-distribuidora: requiere revisión,needs_municipal_review,multi_distributor_region_needs_municipal_review,no,UFD — presencia regional + herramientas oficiales de consulta,https://www.ufd.es/quienes-somos/,official_public_source_or_review_tool,no,"UFD declara presencia en Comunidad de Madrid, pero no se debe importar toda la comunidad sin revisión municipal."
madrid,Morata de Tajuña,Madrid,municipality:madrid::morata_de_tajuna,multi-distribuidora: requiere revisión,needs_municipal_review,multi_distributor_region_needs_municipal_review,no,UFD — presencia regional + herramientas oficiales de consulta,https://www.ufd.es/quienes-somos/,official_public_source_or_review_tool,no,"UFD declara presencia en Comunidad de Madrid, pero no se debe importar toda la comunidad sin revisión municipal."
madrid,Valdelaguna,Madrid,municipality:madrid::valdelaguna,multi-distribuidora: requiere revisión,needs_municipal_review,multi_distributor_region_needs_municipal_review,no,UFD — presencia regional + herramientas oficiales de consulta,https://www.ufd.es/quienes-somos/,official_public_source_or_review_tool,no,"UFD declara presencia en Comunidad de Madrid, pero no se debe importar toda la comunidad sin revisión municipal."
madrid,Navacerrada,Madrid,municipality:madrid::navacerrada,multi-distribuidora: requiere revisión,needs_municipal_review,multi_distributor_region_needs_municipal_review,no,UFD — presencia regional + herramientas oficiales de consulta,https://www.ufd.es/quienes-somos/,official_public_source_or_review_tool,no,"UFD declara presencia en Comunidad de Madrid, pero no se debe importar toda la comunidad sin revisión municipal."
madrid,Zarzalejo,Madrid,municipality:madrid::zarzalejo,multi-distribuidora: requiere revisión,needs_municipal_review,multi_distributor_region_needs_municipal_review,no,UFD — presencia regional + herramientas oficiales de consulta,https://www.ufd.es/quienes-somos/,official_public_source_or_review_tool,no,"UFD declara presencia en Comunidad de Madrid, pero no se debe importar toda la comunidad sin revisión municipal."
madrid,Talamanca de Jarama,Madrid,municipality:madrid::talamanca_de_jarama,multi-distribuidora: requiere revisión,needs_municipal_review,multi_distributor_region_needs_municipal_review,no,UFD — presencia regional + herramientas oficiales de consulta,https://www.ufd.es/quienes-somos/,official_public_source_or_review_tool,no,"UFD declara presencia en Comunidad de Madrid, pero no se debe importar toda la comunidad sin revisión municipal."
madrid,Valdeavero,Madrid,municipality:madrid::valdeavero,multi-distribuidora: requiere revisión,needs_municipal_review,multi_distributor_region_needs_municipal_review,no,UFD — presencia regional + herramientas oficiales de consulta,https://www.ufd.es/quienes-somos/,official_public_source_or_review_tool,no,"UFD declara presencia en Comunidad de Madrid, pero no se debe importar toda la comunidad sin revisión municipal."
madrid,Moralzarzal,Madrid,municipality:madrid::moralzarzal,multi-distribuidora: requiere revisión,needs_municipal_review,multi_distributor_region_needs_municipal_review,no,UFD — presencia regional + herramientas oficiales de consulta,https://www.ufd.es/quienes-somos/,official_public_source_or_review_tool,no,"UFD declara presencia en Comunidad de Madrid, pero no se debe importar toda la comunidad sin revisión municipal."
madrid,Algete,Madrid,municipality:madrid::algete,multi-distribuidora: requiere revisión,needs_municipal_review,multi_distributor_region_needs_municipal_review,no,UFD — presencia regional + herramientas oficiales de consulta,https://www.ufd.es/quienes-somos/,official_public_source_or_review_tool,no,"UFD declara presencia en Comunidad de Madrid, pero no se debe importar toda la comunidad sin revisión municipal."
madrid,Aldea del Fresno,Madrid,municipality:madrid::aldea_del_fresno,multi-distribuidora: requiere revisión,needs_municipal_review,multi_distributor_region_needs_municipal_review,no,UFD — presencia regional + herramientas oficiales de consulta,https://www.ufd.es/quienes-somos/,official_public_source_or_review_tool,no,"UFD declara presencia en Comunidad de Madrid, pero no se debe importar toda la comunidad sin revisión municipal."
madrid,Villarejo de Salvanés,Madrid,municipality:madrid::villarejo_de_salvanes,multi-distribuidora: requiere revisión,needs_municipal_review,multi_distributor_region_needs_municipal_review,no,UFD — presencia regional + herramientas oficiales de consulta,https://www.ufd.es/quienes-somos/,official_public_source_or_review_tool,no,"UFD declara presencia en Comunidad de Madrid, pero no se debe importar toda la comunidad sin revisión municipal."
madrid,El Escorial,Madrid,municipality:madrid::el_escorial,multi-distribuidora: requiere revisión,needs_municipal_review,multi_distributor_region_needs_municipal_review,no,UFD — presencia regional + herramientas oficiales de consulta,https://www.ufd.es/quienes-somos/,official_public_source_or_review_tool,no,"UFD declara presencia en Comunidad de Madrid, pero no se debe importar toda la comunidad sin revisión municipal."
madrid,Soto del Real,Madrid,municipality:madrid::soto_del_real,multi-distribuidora: requiere revisión,needs_municipal_review,multi_distributor_region_needs_municipal_review,no,UFD — presencia regional + herramientas oficiales de consulta,https://www.ufd.es/quienes-somos/,official_public_source_or_review_tool,no,"UFD declara presencia en Comunidad de Madrid, pero no se debe importar toda la comunidad sin revisión municipal."
madrid,Guadarrama,Madrid,municipality:madrid::guadarrama,multi-distribuidora: requiere revisión,needs_municipal_review,multi_distributor_region_needs_municipal_review,no,UFD — presencia regional + herramientas oficiales de consulta,https://www.ufd.es/quienes-somos/,official_public_source_or_review_tool,no,"UFD declara presencia en Comunidad de Madrid, pero no se debe importar toda la comunidad sin revisión municipal."
madrid,Daganzo de Arriba,Madrid,municipality:madrid::daganzo_de_arriba,multi-distribuidora: requiere revisión,needs_municipal_review,multi_distributor_region_needs_municipal_review,no,UFD — presencia regional + herramientas oficiales de consulta,https://www.ufd.es/quienes-somos/,official_public_source_or_review_tool,no,"UFD declara presencia en Comunidad de Madrid, pero no se debe importar toda la comunidad sin revisión municipal."
madrid,Collado Villalba,Madrid,municipality:madrid::collado_villalba,multi-distribuidora: requiere revisión,needs_municipal_review,multi_distributor_region_needs_municipal_review,no,UFD — presencia regional + herramientas oficiales de consulta,https://www.ufd.es/quienes-somos/,official_public_source_or_review_tool,no,"UFD declara presencia en Comunidad de Madrid, pero no se debe importar toda la comunidad sin revisión municipal."
madrid,Alpedrete,Madrid,municipality:madrid::alpedrete,multi-distribuidora: requiere revisión,needs_municipal_review,multi_distributor_region_needs_municipal_review,no,UFD — presencia regional + herramientas oficiales de consulta,https://www.ufd.es/quienes-somos/,official_public_source_or_review_tool,no,"UFD declara presencia en Comunidad de Madrid, pero no se debe importar toda la comunidad sin revisión municipal."
madrid,Cubas de la Sagra,Madrid,municipality:madrid::cubas_de_la_sagra,multi-distribuidora: requiere revisión,needs_municipal_review,multi_distributor_region_needs_municipal_review,no,UFD — presencia regional + herramientas oficiales de consulta,https://www.ufd.es/quienes-somos/,official_public_source_or_review_tool,no,"UFD declara presencia en Comunidad de Madrid, pero no se debe importar toda la comunidad sin revisión municipal."
madrid,Alcobendas,Madrid,municipality:madrid::alcobendas,multi-distribuidora: requiere revisión,needs_municipal_review,multi_distributor_region_needs_municipal_review,no,UFD — presencia regional + herramientas oficiales de consulta,https://www.ufd.es/quienes-somos/,official_public_source_or_review_tool,no,"UFD declara presencia en Comunidad de Madrid, pero no se debe importar toda la comunidad sin revisión municipal."
madrid,Guadalix de la Sierra,Madrid,municipality:madrid::guadalix_de_la_sierra,multi-distribuidora: requiere revisión,needs_municipal_review,multi_distributor_region_needs_municipal_review,no,UFD — presencia regional + herramientas oficiales de consulta,https://www.ufd.es/quienes-somos/,official_public_source_or_review_tool,no,"UFD declara presencia en Comunidad de Madrid, pero no se debe importar toda la comunidad sin revisión municipal."
madrid,Garganta de los Montes,Madrid,municipality:madrid::garganta_de_los_montes,multi-distribuidora: requiere revisión,needs_municipal_review,multi_distributor_region_needs_municipal_review,no,UFD — presencia regional + herramientas oficiales de consulta,https://www.ufd.es/quienes-somos/,official_public_source_or_review_tool,no,"UFD declara presencia en Comunidad de Madrid, pero no se debe importar toda la comunidad sin revisión municipal."
madrid,Colmenar Viejo,Madrid,municipality:madrid::colmenar_viejo,multi-distribuidora: requiere revisión,needs_municipal_review,multi_distributor_region_needs_municipal_review,no,UFD — presencia regional + herramientas oficiales de consulta,https://www.ufd.es/quienes-somos/,official_public_source_or_review_tool,no,"UFD declara presencia en Comunidad de Madrid, pero no se debe importar toda la comunidad sin revisión municipal."
madrid,Coslada,Madrid,municipality:madrid::coslada,multi-distribuidora: requiere revisión,needs_municipal_review,multi_distributor_region_needs_municipal_review,no,UFD — presencia regional + herramientas oficiales de consulta,https://www.ufd.es/quienes-somos/,official_public_source_or_review_tool,no,"UFD declara presencia en Comunidad de Madrid, pero no se debe importar toda la comunidad sin revisión municipal."
madrid,Horcajuelo de la Sierra,Madrid,municipality:madrid::horcajuelo_de_la_sierra,multi-distribuidora: requiere revisión,needs_municipal_review,multi_distributor_region_needs_municipal_review,no,UFD — presencia regional + herramientas oficiales de consulta,https://www.ufd.es/quienes-somos/,official_public_source_or_review_tool,no,"UFD declara presencia en Comunidad de Madrid, pero no se debe importar toda la comunidad sin revisión municipal."
madrid,Valdemanco,Madrid,municipality:madrid::valdemanco,multi-distribuidora: requiere revisión,needs_municipal_review,multi_distributor_region_needs_municipal_review,no,UFD — presencia regional + herramientas oficiales de consulta,https://www.ufd.es/quienes-somos/,official_public_source_or_review_tool,no,"UFD declara presencia en Comunidad de Madrid, pero no se debe importar toda la comunidad sin revisión municipal."
madrid,Parla,Madrid,municipality:madrid::parla,multi-distribuidora: requiere revisión,needs_municipal_review,multi_distributor_region_needs_municipal_review,no,UFD — presencia regional + herramientas oficiales de consulta,https://www.ufd.es/quienes-somos/,official_public_source_or_review_tool,no,"UFD declara presencia en Comunidad de Madrid, pero no se debe importar toda la comunidad sin revisión municipal."
madrid,Santorcaz,Madrid,municipality:madrid::santorcaz,multi-distribuidora: requiere revisión,needs_municipal_review,multi_distributor_region_needs_municipal_review,no,UFD — presencia regional + herramientas oficiales de consulta,https://www.ufd.es/quienes-somos/,official_public_source_or_review_tool,no,"UFD declara presencia en Comunidad de Madrid, pero no se debe importar toda la comunidad sin revisión municipal."
madrid,El Redegüelo,Madrid,municipality:madrid::el_redeguelo,multi-distribuidora: requiere revisión,needs_municipal_review,multi_distributor_region_needs_municipal_review,no,UFD — presencia regional + herramientas oficiales de consulta,https://www.ufd.es/quienes-somos/,official_public_source_or_review_tool,no,"UFD declara presencia en Comunidad de Madrid, pero no se debe importar toda la comunidad sin revisión municipal."
madrid,Los Molinos,Madrid,municipality:madrid::los_molinos,multi-distribuidora: requiere revisión,needs_municipal_review,multi_distributor_region_needs_municipal_review,no,UFD — presencia regional + herramientas oficiales de consulta,https://www.ufd.es/quienes-somos/,official_public_source_or_review_tool,no,"UFD declara presencia en Comunidad de Madrid, pero no se debe importar toda la comunidad sin revisión municipal."
madrid,Santa María de la Alameda,Madrid,municipality:madrid::santa_maria_de_la_alameda,multi-distribuidora: requiere revisión,needs_municipal_review,multi_distributor_region_needs_municipal_review,no,UFD — presencia regional + herramientas oficiales de consulta,https://www.ufd.es/quienes-somos/,official_public_source_or_review_tool,no,"UFD declara presencia en Comunidad de Madrid, pero no se debe importar toda la comunidad sin revisión municipal."
madrid,Villamanrique de Tajo,Madrid,municipality:madrid::villamanrique_de_tajo,multi-distribuidora: requiere revisión,needs_municipal_review,multi_distributor_region_needs_municipal_review,no,UFD — presencia regional + herramientas oficiales de consulta,https://www.ufd.es/quienes-somos/,official_public_source_or_review_tool,no,"UFD declara presencia en Comunidad de Madrid, pero no se debe importar toda la comunidad sin revisión municipal."
madrid,Rascafría,Madrid,municipality:madrid::rascafria,multi-distribuidora: requiere revisión,needs_municipal_review,multi_distributor_region_needs_municipal_review,no,UFD — presencia regional + herramientas oficiales de consulta,https://www.ufd.es/quienes-somos/,official_public_source_or_review_tool,no,"UFD declara presencia en Comunidad de Madrid, pero no se debe importar toda la comunidad sin revisión municipal."
madrid,Paracuellos de Jarama,Madrid,municipality:madrid::paracuellos_de_jarama,multi-distribuidora: requiere revisión,needs_municipal_review,multi_distributor_region_needs_municipal_review,no,UFD — presencia regional + herramientas oficiales de consulta,https://www.ufd.es/quienes-somos/,official_public_source_or_review_tool,no,"UFD declara presencia en Comunidad de Madrid, pero no se debe importar toda la comunidad sin revisión municipal."
madrid,Los Santos de la Humosa,Madrid,municipality:madrid::los_santos_de_la_humosa,multi-distribuidora: requiere revisión,needs_municipal_review,multi_distributor_region_needs_municipal_review,no,UFD — presencia regional + herramientas oficiales de consulta,https://www.ufd.es/quienes-somos/,official_public_source_or_review_tool,no,"UFD declara presencia en Comunidad de Madrid, pero no se debe importar toda la comunidad sin revisión municipal."
madrid,Valdemorillo,Madrid,municipality:madrid::valdemorillo,multi-distribuidora: requiere revisión,needs_municipal_review,multi_distributor_region_needs_municipal_review,no,UFD — presencia regional + herramientas oficiales de consulta,https://www.ufd.es/quienes-somos/,official_public_source_or_review_tool,no,"UFD declara presencia en Comunidad de Madrid, pero no se debe importar toda la comunidad sin revisión municipal."
madrid,Berzosa del Lozoya,Madrid,municipality:madrid::berzosa_del_lozoya,multi-distribuidora: requiere revisión,needs_municipal_review,multi_distributor_region_needs_municipal_review,no,UFD — presencia regional + herramientas oficiales de consulta,https://www.ufd.es/quienes-somos/,official_public_source_or_review_tool,no,"UFD declara presencia en Comunidad de Madrid, pero no se debe importar toda la comunidad sin revisión municipal."
madrid,Las Rozas de Madrid,Madrid,municipality:madrid::las_rozas_de_madrid,multi-distribuidora: requiere revisión,needs_municipal_review,multi_distributor_region_needs_municipal_review,no,UFD — presencia regional + herramientas oficiales de consulta,https://www.ufd.es/quienes-somos/,official_public_source_or_review_tool,no,"UFD declara presencia en Comunidad de Madrid, pero no se debe importar toda la comunidad sin revisión municipal."
madrid,Villalbilla,Madrid,municipality:madrid::villalbilla,multi-distribuidora: requiere revisión,needs_municipal_review,multi_distributor_region_needs_municipal_review,no,UFD — presencia regional + herramientas oficiales de consulta,https://www.ufd.es/quienes-somos/,official_public_source_or_review_tool,no,"UFD declara presencia en Comunidad de Madrid, pero no se debe importar toda la comunidad sin revisión municipal."
madrid,Fresno de Torote,Madrid,municipality:madrid::fresno_de_torote,multi-distribuidora: requiere revisión,needs_municipal_review,multi_distributor_region_needs_municipal_review,no,UFD — presencia regional + herramientas oficiales de consulta,https://www.ufd.es/quienes-somos/,official_public_source_or_review_tool,no,"UFD declara presencia en Comunidad de Madrid, pero no se debe importar toda la comunidad sin revisión municipal."
madrid,Fuentidueña de Tajo,Madrid,municipality:madrid::fuentiduena_de_tajo,multi-distribuidora: requiere revisión,needs_municipal_review,multi_distributor_region_needs_municipal_review,no,UFD — presencia regional + herramientas oficiales de consulta,https://www.ufd.es/quienes-somos/,official_public_source_or_review_tool,no,"UFD declara presencia en Comunidad de Madrid, pero no se debe importar toda la comunidad sin revisión municipal."
madrid,San Agustín del Guadalix,Madrid,municipality:madrid::san_agustin_del_guadalix,multi-distribuidora: requiere revisión,needs_municipal_review,multi_distributor_region_needs_municipal_review,no,UFD — presencia regional + herramientas oficiales de consulta,https://www.ufd.es/quienes-somos/,official_public_source_or_review_tool,no,"UFD declara presencia en Comunidad de Madrid, pero no se debe importar toda la comunidad sin revisión municipal."
madrid,Navalafuente,Madrid,municipality:madrid::navalafuente,multi-distribuidora: requiere revisión,needs_municipal_review,multi_distributor_region_needs_municipal_review,no,UFD — presencia regional + herramientas oficiales de consulta,https://www.ufd.es/quienes-somos/,official_public_source_or_review_tool,no,"UFD declara presencia en Comunidad de Madrid, pero no se debe importar toda la comunidad sin revisión municipal."
madrid,Titulcia,Madrid,municipality:madrid::titulcia,multi-distribuidora: requiere revisión,needs_municipal_review,multi_distributor_region_needs_municipal_review,no,UFD — presencia regional + herramientas oficiales de consulta,https://www.ufd.es/quienes-somos/,official_public_source_or_review_tool,no,"UFD declara presencia en Comunidad de Madrid, pero no se debe importar toda la comunidad sin revisión municipal."
madrid,Pinilla del Valle,Madrid,municipality:madrid::pinilla_del_valle,multi-distribuidora: requiere revisión,needs_municipal_review,multi_distributor_region_needs_municipal_review,no,UFD — presencia regional + herramientas oficiales de consulta,https://www.ufd.es/quienes-somos/,official_public_source_or_review_tool,no,"UFD declara presencia en Comunidad de Madrid, pero no se debe importar toda la comunidad sin revisión municipal."
madrid,Campo Real,Madrid,municipality:madrid::campo_real,multi-distribuidora: requiere revisión,needs_municipal_review,multi_distributor_region_needs_municipal_review,no,UFD — presencia regional + herramientas oficiales de consulta,https://www.ufd.es/quienes-somos/,official_public_source_or_review_tool,no,"UFD declara presencia en Comunidad de Madrid, pero no se debe importar toda la comunidad sin revisión municipal."
madrid,Torrejón de Ardoz,Madrid,municipality:madrid::torrejon_de_ardoz,multi-distribuidora: requiere revisión,needs_municipal_review,multi_distributor_region_needs_municipal_review,no,UFD — presencia regional + herramientas oficiales de consulta,https://www.ufd.es/quienes-somos/,official_public_source_or_review_tool,no,"UFD declara presencia en Comunidad de Madrid, pero no se debe importar toda la comunidad sin revisión municipal."
madrid,Ambite,Madrid,municipality:madrid::ambite,multi-distribuidora: requiere revisión,needs_municipal_review,multi_distributor_region_needs_municipal_review,no,UFD — presencia regional + herramientas oficiales de consulta,https://www.ufd.es/quienes-somos/,official_public_source_or_review_tool,no,"UFD declara presencia en Comunidad de Madrid, pero no se debe importar toda la comunidad sin revisión municipal."
madrid,El Vellón,Madrid,municipality:madrid::el_vellon,multi-distribuidora: requiere revisión,needs_municipal_review,multi_distributor_region_needs_municipal_review,no,UFD — presencia regional + herramientas oficiales de consulta,https://www.ufd.es/quienes-somos/,official_public_source_or_review_tool,no,"UFD declara presencia en Comunidad de Madrid, pero no se debe importar toda la comunidad sin revisión municipal."
madrid,Batres,Madrid,municipality:madrid::batres,multi-distribuidora: requiere revisión,needs_municipal_review,multi_distributor_region_needs_municipal_review,no,UFD — presencia regional + herramientas oficiales de consulta,https://www.ufd.es/quienes-somos/,official_public_source_or_review_tool,no,"UFD declara presencia en Comunidad de Madrid, pero no se debe importar toda la comunidad sin revisión municipal."
madrid,Quijorna,Madrid,municipality:madrid::quijorna,multi-distribuidora: requiere revisión,needs_municipal_review,multi_distributor_region_needs_municipal_review,no,UFD — presencia regional + herramientas oficiales de consulta,https://www.ufd.es/quienes-somos/,official_public_source_or_review_tool,no,"UFD declara presencia en Comunidad de Madrid, pero no se debe importar toda la comunidad sin revisión municipal."
madrid,Mejorada del Campo,Madrid,municipality:madrid::mejorada_del_campo,multi-distribuidora: requiere revisión,needs_municipal_review,multi_distributor_region_needs_municipal_review,no,UFD — presencia regional + herramientas oficiales de consulta,https://www.ufd.es/quienes-somos/,official_public_source_or_review_tool,no,"UFD declara presencia en Comunidad de Madrid, pero no se debe importar toda la comunidad sin revisión municipal."
madrid,Pelayos de la Presa,Madrid,municipality:madrid::pelayos_de_la_presa,multi-distribuidora: requiere revisión,needs_municipal_review,multi_distributor_region_needs_municipal_review,no,UFD — presencia regional + herramientas oficiales de consulta,https://www.ufd.es/quienes-somos/,official_public_source_or_review_tool,no,"UFD declara presencia en Comunidad de Madrid, pero no se debe importar toda la comunidad sin revisión municipal."
madrid,Villamantilla,Madrid,municipality:madrid::villamantilla,multi-distribuidora: requiere revisión,needs_municipal_review,multi_distributor_region_needs_municipal_review,no,UFD — presencia regional + herramientas oficiales de consulta,https://www.ufd.es/quienes-somos/,official_public_source_or_review_tool,no,"UFD declara presencia en Comunidad de Madrid, pero no se debe importar toda la comunidad sin revisión municipal."
madrid,Pinto,Madrid,municipality:madrid::pinto,multi-distribuidora: requiere revisión,needs_municipal_review,multi_distributor_region_needs_municipal_review,no,UFD — presencia regional + herramientas oficiales de consulta,https://www.ufd.es/quienes-somos/,official_public_source_or_review_tool,no,"UFD declara presencia en Comunidad de Madrid, pero no se debe importar toda la comunidad sin revisión municipal."
madrid,Rozas de Puerto Real,Madrid,municipality:madrid::rozas_de_puerto_real,multi-distribuidora: requiere revisión,needs_municipal_review,multi_distributor_region_needs_municipal_review,no,UFD — presencia regional + herramientas oficiales de consulta,https://www.ufd.es/quienes-somos/,official_public_source_or_review_tool,no,"UFD declara presencia en Comunidad de Madrid, pero no se debe importar toda la comunidad sin revisión municipal."
madrid,Alcalá de Henares,Madrid,municipality:madrid::alcala_de_henares,multi-distribuidora: requiere revisión,needs_municipal_review,multi_distributor_region_needs_municipal_review,no,UFD — presencia regional + herramientas oficiales de consulta,https://www.ufd.es/quienes-somos/,official_public_source_or_review_tool,no,"UFD declara presencia en Comunidad de Madrid, pero no se debe importar toda la comunidad sin revisión municipal."
madrid,Galapagar,Madrid,municipality:madrid::galapagar,multi-distribuidora: requiere revisión,needs_municipal_review,multi_distributor_region_needs_municipal_review,no,UFD — presencia regional + herramientas oficiales de consulta,https://www.ufd.es/quienes-somos/,official_public_source_or_review_tool,no,"UFD declara presencia en Comunidad de Madrid, pero no se debe importar toda la comunidad sin revisión municipal."
madrid,Valdilecha,Madrid,municipality:madrid::valdilecha,multi-distribuidora: requiere revisión,needs_municipal_review,multi_distributor_region_needs_municipal_review,no,UFD — presencia regional + herramientas oficiales de consulta,https://www.ufd.es/quienes-somos/,official_public_source_or_review_tool,no,"UFD declara presencia en Comunidad de Madrid, pero no se debe importar toda la comunidad sin revisión municipal."
madrid,Corpa,Madrid,municipality:madrid::corpa,multi-distribuidora: requiere revisión,needs_municipal_review,multi_distributor_region_needs_municipal_review,no,UFD — presencia regional + herramientas oficiales de consulta,https://www.ufd.es/quienes-somos/,official_public_source_or_review_tool,no,"UFD declara presencia en Comunidad de Madrid, pero no se debe importar toda la comunidad sin revisión municipal."
madrid,Alameda del Valle,Madrid,municipality:madrid::alameda_del_valle,multi-distribuidora: requiere revisión,needs_municipal_review,multi_distributor_region_needs_municipal_review,no,UFD — presencia regional + herramientas oficiales de consulta,https://www.ufd.es/quienes-somos/,official_public_source_or_review_tool,no,"UFD declara presencia en Comunidad de Madrid, pero no se debe importar toda la comunidad sin revisión municipal."
madrid,Colmenar de Oreja,Madrid,municipality:madrid::colmenar_de_oreja,multi-distribuidora: requiere revisión,needs_municipal_review,multi_distributor_region_needs_municipal_review,no,UFD — presencia regional + herramientas oficiales de consulta,https://www.ufd.es/quienes-somos/,official_public_source_or_review_tool,no,"UFD declara presencia en Comunidad de Madrid, pero no se debe importar toda la comunidad sin revisión municipal."
madrid,El Berrueco,Madrid,municipality:madrid::el_berrueco,multi-distribuidora: requiere revisión,needs_municipal_review,multi_distributor_region_needs_municipal_review,no,UFD — presencia regional + herramientas oficiales de consulta,https://www.ufd.es/quienes-somos/,official_public_source_or_review_tool,no,"UFD declara presencia en Comunidad de Madrid, pero no se debe importar toda la comunidad sin revisión municipal."
madrid,Manzanares el Real,Madrid,municipality:madrid::manzanares_el_real,multi-distribuidora: requiere revisión,needs_municipal_review,multi_distributor_region_needs_municipal_review,no,UFD — presencia regional + herramientas oficiales de consulta,https://www.ufd.es/quienes-somos/,official_public_source_or_review_tool,no,"UFD declara presencia en Comunidad de Madrid, pero no se debe importar toda la comunidad sin revisión municipal."
madrid,Villavieja del Lozoya,Madrid,municipality:madrid::villavieja_del_lozoya,multi-distribuidora: requiere revisión,needs_municipal_review,multi_distributor_region_needs_municipal_review,no,UFD — presencia regional + herramientas oficiales de consulta,https://www.ufd.es/quienes-somos/,official_public_source_or_review_tool,no,"UFD declara presencia en Comunidad de Madrid, pero no se debe importar toda la comunidad sin revisión municipal."
madrid,Humanes de Madrid,Madrid,municipality:madrid::humanes_de_madrid,multi-distribuidora: requiere revisión,needs_municipal_review,multi_distributor_region_needs_municipal_review,no,UFD — presencia regional + herramientas oficiales de consulta,https://www.ufd.es/quienes-somos/,official_public_source_or_review_tool,no,"UFD declara presencia en Comunidad de Madrid, pero no se debe importar toda la comunidad sin revisión municipal."
madrid,La Hiruela,Madrid,municipality:madrid::la_hiruela,multi-distribuidora: requiere revisión,needs_municipal_review,multi_distributor_region_needs_municipal_review,no,UFD — presencia regional + herramientas oficiales de consulta,https://www.ufd.es/quienes-somos/,official_public_source_or_review_tool,no,"UFD declara presencia en Comunidad de Madrid, pero no se debe importar toda la comunidad sin revisión municipal."
madrid,Villa del Prado,Madrid,municipality:madrid::villa_del_prado,multi-distribuidora: requiere revisión,needs_municipal_review,multi_distributor_region_needs_municipal_review,no,UFD — presencia regional + herramientas oficiales de consulta,https://www.ufd.es/quienes-somos/,official_public_source_or_review_tool,no,"UFD declara presencia en Comunidad de Madrid, pero no se debe importar toda la comunidad sin revisión municipal."
madrid,Majadahonda,Madrid,municipality:madrid::majadahonda,multi-distribuidora: requiere revisión,needs_municipal_review,multi_distributor_region_needs_municipal_review,no,UFD — presencia regional + herramientas oficiales de consulta,https://www.ufd.es/quienes-somos/,official_public_source_or_review_tool,no,"UFD declara presencia en Comunidad de Madrid, pero no se debe importar toda la comunidad sin revisión municipal."
madrid,Madarcos,Madrid,municipality:madrid::madarcos,multi-distribuidora: requiere revisión,needs_municipal_review,multi_distributor_region_needs_municipal_review,no,UFD — presencia regional + herramientas oficiales de consulta,https://www.ufd.es/quienes-somos/,official_public_source_or_review_tool,no,"UFD declara presencia en Comunidad de Madrid, pero no se debe importar toda la comunidad sin revisión municipal."
madrid,Moraleja de Enmedio,Madrid,municipality:madrid::moraleja_de_enmedio,multi-distribuidora: requiere revisión,needs_municipal_review,multi_distributor_region_needs_municipal_review,no,UFD — presencia regional + herramientas oficiales de consulta,https://www.ufd.es/quienes-somos/,official_public_source_or_review_tool,no,"UFD declara presencia en Comunidad de Madrid, pero no se debe importar toda la comunidad sin revisión municipal."
madrid,Pezuela de las Torres,Madrid,municipality:madrid::pezuela_de_las_torres,multi-distribuidora: requiere revisión,needs_municipal_review,multi_distributor_region_needs_municipal_review,no,UFD — presencia regional + herramientas oficiales de consulta,https://www.ufd.es/quienes-somos/,official_public_source_or_review_tool,no,"UFD declara presencia en Comunidad de Madrid, pero no se debe importar toda la comunidad sin revisión municipal."
madrid,Ribatejada,Madrid,municipality:madrid::ribatejada,multi-distribuidora: requiere revisión,needs_municipal_review,multi_distributor_region_needs_municipal_review,no,UFD — presencia regional + herramientas oficiales de consulta,https://www.ufd.es/quienes-somos/,official_public_source_or_review_tool,no,"UFD declara presencia en Comunidad de Madrid, pero no se debe importar toda la comunidad sin revisión municipal."
madrid,Bustarviejo,Madrid,municipality:madrid::bustarviejo,multi-distribuidora: requiere revisión,needs_municipal_review,multi_distributor_region_needs_municipal_review,no,UFD — presencia regional + herramientas oficiales de consulta,https://www.ufd.es/quienes-somos/,official_public_source_or_review_tool,no,"UFD declara presencia en Comunidad de Madrid, pero no se debe importar toda la comunidad sin revisión municipal."
madrid,Chinchón,Madrid,municipality:madrid::chinchon,multi-distribuidora: requiere revisión,needs_municipal_review,multi_distributor_region_needs_municipal_review,no,UFD — presencia regional + herramientas oficiales de consulta,https://www.ufd.es/quienes-somos/,official_public_source_or_review_tool,no,"UFD declara presencia en Comunidad de Madrid, pero no se debe importar toda la comunidad sin revisión municipal."
madrid,Navalagamella,Madrid,municipality:madrid::navalagamella,multi-distribuidora: requiere revisión,needs_municipal_review,multi_distributor_region_needs_municipal_review,no,UFD — presencia regional + herramientas oficiales de consulta,https://www.ufd.es/quienes-somos/,official_public_source_or_review_tool,no,"UFD declara presencia en Comunidad de Madrid, pero no se debe importar toda la comunidad sin revisión municipal."
madrid,Valdaracete,Madrid,municipality:madrid::valdaracete,multi-distribuidora: requiere revisión,needs_municipal_review,multi_distributor_region_needs_municipal_review,no,UFD — presencia regional + herramientas oficiales de consulta,https://www.ufd.es/quienes-somos/,official_public_source_or_review_tool,no,"UFD declara presencia en Comunidad de Madrid, pero no se debe importar toda la comunidad sin revisión municipal."
madrid,Villaviciosa de Odón,Madrid,municipality:madrid::villaviciosa_de_odon,multi-distribuidora: requiere revisión,needs_municipal_review,multi_distributor_region_needs_municipal_review,no,UFD — presencia regional + herramientas oficiales de consulta,https://www.ufd.es/quienes-somos/,official_public_source_or_review_tool,no,"UFD declara presencia en Comunidad de Madrid, pero no se debe importar toda la comunidad sin revisión municipal."
madrid,Sevilla la Nueva,Madrid,municipality:madrid::sevilla_la_nueva,multi-distribuidora: requiere revisión,needs_municipal_review,multi_distributor_region_needs_municipal_review,no,UFD — presencia regional + herramientas oficiales de consulta,https://www.ufd.es/quienes-somos/,official_public_source_or_review_tool,no,"UFD declara presencia en Comunidad de Madrid, pero no se debe importar toda la comunidad sin revisión municipal."
madrid,El Molar,Madrid,municipality:madrid::el_molar,multi-distribuidora: requiere revisión,needs_municipal_review,multi_distributor_region_needs_municipal_review,no,UFD — presencia regional + herramientas oficiales de consulta,https://www.ufd.es/quienes-somos/,official_public_source_or_review_tool,no,"UFD declara presencia en Comunidad de Madrid, pero no se debe importar toda la comunidad sin revisión municipal."
madrid,Aranjuez,Madrid,municipality:madrid::aranjuez,multi-distribuidora: requiere revisión,needs_municipal_review,multi_distributor_region_needs_municipal_review,no,UFD — presencia regional + herramientas oficiales de consulta,https://www.ufd.es/quienes-somos/,official_public_source_or_review_tool,no,"UFD declara presencia en Comunidad de Madrid, pero no se debe importar toda la comunidad sin revisión municipal."
madrid,Becerril de la Sierra,Madrid,municipality:madrid::becerril_de_la_sierra,multi-distribuidora: requiere revisión,needs_municipal_review,multi_distributor_region_needs_municipal_review,no,UFD — presencia regional + herramientas oficiales de consulta,https://www.ufd.es/quienes-somos/,official_public_source_or_review_tool,no,"UFD declara presencia en Comunidad de Madrid, pero no se debe importar toda la comunidad sin revisión municipal."
madrid,Estremera,Madrid,municipality:madrid::estremera,multi-distribuidora: requiere revisión,needs_municipal_review,multi_distributor_region_needs_municipal_review,no,UFD — presencia regional + herramientas oficiales de consulta,https://www.ufd.es/quienes-somos/,official_public_source_or_review_tool,no,"UFD declara presencia en Comunidad de Madrid, pero no se debe importar toda la comunidad sin revisión municipal."
madrid,Orusco de Tajuña,Madrid,municipality:madrid::orusco_de_tajuna,multi-distribuidora: requiere revisión,needs_municipal_review,multi_distributor_region_needs_municipal_review,no,UFD — presencia regional + herramientas oficiales de consulta,https://www.ufd.es/quienes-somos/,official_public_source_or_review_tool,no,"UFD declara presencia en Comunidad de Madrid, pero no se debe importar toda la comunidad sin revisión municipal."
madrid,La Cabrera,Madrid,municipality:madrid::la_cabrera,multi-distribuidora: requiere revisión,needs_municipal_review,multi_distributor_region_needs_municipal_review,no,UFD — presencia regional + herramientas oficiales de consulta,https://www.ufd.es/quienes-somos/,official_public_source_or_review_tool,no,"UFD declara presencia en Comunidad de Madrid, pero no se debe importar toda la comunidad sin revisión municipal."
madrid,Carabaña,Madrid,municipality:madrid::carabana,multi-distribuidora: requiere revisión,needs_municipal_review,multi_distributor_region_needs_municipal_review,no,UFD — presencia regional + herramientas oficiales de consulta,https://www.ufd.es/quienes-somos/,official_public_source_or_review_tool,no,"UFD declara presencia en Comunidad de Madrid, pero no se debe importar toda la comunidad sin revisión municipal."
madrid,Brea de Tajo,Madrid,municipality:madrid::brea_de_tajo,multi-distribuidora: requiere revisión,needs_municipal_review,multi_distributor_region_needs_municipal_review,no,UFD — presencia regional + herramientas oficiales de consulta,https://www.ufd.es/quienes-somos/,official_public_source_or_review_tool,no,"UFD declara presencia en Comunidad de Madrid, pero no se debe importar toda la comunidad sin revisión municipal."
madrid,Collado Mediano,Madrid,municipality:madrid::collado_mediano,multi-distribuidora: requiere revisión,needs_municipal_review,multi_distributor_region_needs_municipal_review,no,UFD — presencia regional + herramientas oficiales de consulta,https://www.ufd.es/quienes-somos/,official_public_source_or_review_tool,no,"UFD declara presencia en Comunidad de Madrid, pero no se debe importar toda la comunidad sin revisión municipal."
madrid,Montejo de la Sierra,Madrid,municipality:madrid::montejo_de_la_sierra,multi-distribuidora: requiere revisión,needs_municipal_review,multi_distributor_region_needs_municipal_review,no,UFD — presencia regional + herramientas oficiales de consulta,https://www.ufd.es/quienes-somos/,official_public_source_or_review_tool,no,"UFD declara presencia en Comunidad de Madrid, pero no se debe importar toda la comunidad sin revisión municipal."
madrid,Cenicientos,Madrid,municipality:madrid::cenicientos,multi-distribuidora: requiere revisión,needs_municipal_review,multi_distributor_region_needs_municipal_review,no,UFD — presencia regional + herramientas oficiales de consulta,https://www.ufd.es/quienes-somos/,official_public_source_or_review_tool,no,"UFD declara presencia en Comunidad de Madrid, pero no se debe importar toda la comunidad sin revisión municipal."
madrid,Cervera de Buitrago,Madrid,municipality:madrid::cervera_de_buitrago,multi-distribuidora: requiere revisión,needs_municipal_review,multi_distributor_region_needs_municipal_review,no,UFD — presencia regional + herramientas oficiales de consulta,https://www.ufd.es/quienes-somos/,official_public_source_or_review_tool,no,"UFD declara presencia en Comunidad de Madrid, pero no se debe importar toda la comunidad sin revisión municipal."
madrid,San Martín de la Vega,Madrid,municipality:madrid::san_martin_de_la_vega,multi-distribuidora: requiere revisión,needs_municipal_review,multi_distributor_region_needs_municipal_review,no,UFD — presencia regional + herramientas oficiales de consulta,https://www.ufd.es/quienes-somos/,official_public_source_or_review_tool,no,"UFD declara presencia en Comunidad de Madrid, pero no se debe importar toda la comunidad sin revisión municipal."
madrid,Puebla de la Sierra,Madrid,municipality:madrid::puebla_de_la_sierra,multi-distribuidora: requiere revisión,needs_municipal_review,multi_distributor_region_needs_municipal_review,no,UFD — presencia regional + herramientas oficiales de consulta,https://www.ufd.es/quienes-somos/,official_public_source_or_review_tool,no,"UFD declara presencia en Comunidad de Madrid, pero no se debe importar toda la comunidad sin revisión municipal."
madrid,Tielmes,Madrid,municipality:madrid::tielmes,multi-distribuidora: requiere revisión,needs_municipal_review,multi_distributor_region_needs_municipal_review,no,UFD — presencia regional + herramientas oficiales de consulta,https://www.ufd.es/quienes-somos/,official_public_source_or_review_tool,no,"UFD declara presencia en Comunidad de Madrid, pero no se debe importar toda la comunidad sin revisión municipal."
madrid,Villamanta,Madrid,municipality:madrid::villamanta,multi-distribuidora: requiere revisión,needs_municipal_review,multi_distributor_region_needs_municipal_review,no,UFD — presencia regional + herramientas oficiales de consulta,https://www.ufd.es/quienes-somos/,official_public_source_or_review_tool,no,"UFD declara presencia en Comunidad de Madrid, pero no se debe importar toda la comunidad sin revisión municipal."
madrid,Lozoya,Madrid,municipality:madrid::lozoya,multi-distribuidora: requiere revisión,needs_municipal_review,multi_distributor_region_needs_municipal_review,no,UFD — presencia regional + herramientas oficiales de consulta,https://www.ufd.es/quienes-somos/,official_public_source_or_review_tool,no,"UFD declara presencia en Comunidad de Madrid, pero no se debe importar toda la comunidad sin revisión municipal."
madrid,Fuenlabrada,Madrid,municipality:madrid::fuenlabrada,multi-distribuidora: requiere revisión,needs_municipal_review,multi_distributor_region_needs_municipal_review,no,UFD — presencia regional + herramientas oficiales de consulta,https://www.ufd.es/quienes-somos/,official_public_source_or_review_tool,no,"UFD declara presencia en Comunidad de Madrid, pero no se debe importar toda la comunidad sin revisión municipal."
madrid,Robregordo,Madrid,municipality:madrid::robregordo,multi-distribuidora: requiere revisión,needs_municipal_review,multi_distributor_region_needs_municipal_review,no,UFD — presencia regional + herramientas oficiales de consulta,https://www.ufd.es/quienes-somos/,official_public_source_or_review_tool,no,"UFD declara presencia en Comunidad de Madrid, pero no se debe importar toda la comunidad sin revisión municipal."
madrid,Redueña,Madrid,municipality:madrid::reduena,multi-distribuidora: requiere revisión,needs_municipal_review,multi_distributor_region_needs_municipal_review,no,UFD — presencia regional + herramientas oficiales de consulta,https://www.ufd.es/quienes-somos/,official_public_source_or_review_tool,no,"UFD declara presencia en Comunidad de Madrid, pero no se debe importar toda la comunidad sin revisión municipal."
madrid,Villanueva del Pardillo,Madrid,municipality:madrid::villanueva_del_pardillo,multi-distribuidora: requiere revisión,needs_municipal_review,multi_distributor_region_needs_municipal_review,no,UFD — presencia regional + herramientas oficiales de consulta,https://www.ufd.es/quienes-somos/,official_public_source_or_review_tool,no,"UFD declara presencia en Comunidad de Madrid, pero no se debe importar toda la comunidad sin revisión municipal."
madrid,Villar del Olmo,Madrid,municipality:madrid::villar_del_olmo,multi-distribuidora: requiere revisión,needs_municipal_review,multi_distributor_region_needs_municipal_review,no,UFD — presencia regional + herramientas oficiales de consulta,https://www.ufd.es/quienes-somos/,official_public_source_or_review_tool,no,"UFD declara presencia en Comunidad de Madrid, pero no se debe importar toda la comunidad sin revisión municipal."
madrid,Navalcarnero,Madrid,municipality:madrid::navalcarnero,multi-distribuidora: requiere revisión,needs_municipal_review,multi_distributor_region_needs_municipal_review,no,UFD — presencia regional + herramientas oficiales de consulta,https://www.ufd.es/quienes-somos/,official_public_source_or_review_tool,no,"UFD declara presencia en Comunidad de Madrid, pero no se debe importar toda la comunidad sin revisión municipal."
madrid,Gascones,Madrid,municipality:madrid::gascones,multi-distribuidora: requiere revisión,needs_municipal_review,multi_distributor_region_needs_municipal_review,no,UFD — presencia regional + herramientas oficiales de consulta,https://www.ufd.es/quienes-somos/,official_public_source_or_review_tool,no,"UFD declara presencia en Comunidad de Madrid, pero no se debe importar toda la comunidad sin revisión municipal."
madrid,Valdetorres de Jarama,Madrid,municipality:madrid::valdetorres_de_jarama,multi-distribuidora: requiere revisión,needs_municipal_review,multi_distributor_region_needs_municipal_review,no,UFD — presencia regional + herramientas oficiales de consulta,https://www.ufd.es/quienes-somos/,official_public_source_or_review_tool,no,"UFD declara presencia en Comunidad de Madrid, pero no se debe importar toda la comunidad sin revisión municipal."
madrid,Meco,Madrid,municipality:madrid::meco,multi-distribuidora: requiere revisión,needs_municipal_review,multi_distributor_region_needs_municipal_review,no,UFD — presencia regional + herramientas oficiales de consulta,https://www.ufd.es/quienes-somos/,official_public_source_or_review_tool,no,"UFD declara presencia en Comunidad de Madrid, pero no se debe importar toda la comunidad sin revisión municipal."
madrid,Rivas-Vaciamadrid,Madrid,municipality:madrid::rivas_vaciamadrid,multi-distribuidora: requiere revisión,needs_municipal_review,multi_distributor_region_needs_municipal_review,no,UFD — presencia regional + herramientas oficiales de consulta,https://www.ufd.es/quienes-somos/,official_public_source_or_review_tool,no,"UFD declara presencia en Comunidad de Madrid, pero no se debe importar toda la comunidad sin revisión municipal."
madrid,Loeches,Madrid,municipality:madrid::loeches,multi-distribuidora: requiere revisión,needs_municipal_review,multi_distributor_region_needs_municipal_review,no,UFD — presencia regional + herramientas oficiales de consulta,https://www.ufd.es/quienes-somos/,official_public_source_or_review_tool,no,"UFD declara presencia en Comunidad de Madrid, pero no se debe importar toda la comunidad sin revisión municipal."
madrid,Torrejón de la Calzada,Madrid,municipality:madrid::torrejon_de_la_calzada,multi-distribuidora: requiere revisión,needs_municipal_review,multi_distributor_region_needs_municipal_review,no,UFD — presencia regional + herramientas oficiales de consulta,https://www.ufd.es/quienes-somos/,official_public_source_or_review_tool,no,"UFD declara presencia en Comunidad de Madrid, pero no se debe importar toda la comunidad sin revisión municipal."
madrid,Perales de Tajuña,Madrid,municipality:madrid::perales_de_tajuna,multi-distribuidora: requiere revisión,needs_municipal_review,multi_distributor_region_needs_municipal_review,no,UFD — presencia regional + herramientas oficiales de consulta,https://www.ufd.es/quienes-somos/,official_public_source_or_review_tool,no,"UFD declara presencia en Comunidad de Madrid, pero no se debe importar toda la comunidad sin revisión municipal."
madrid,San Sebastián de los Reyes,Madrid,municipality:madrid::san_sebastian_de_los_reyes,multi-distribuidora: requiere revisión,needs_municipal_review,multi_distributor_region_needs_municipal_review,no,UFD — presencia regional + herramientas oficiales de consulta,https://www.ufd.es/quienes-somos/,official_public_source_or_review_tool,no,"UFD declara presencia en Comunidad de Madrid, pero no se debe importar toda la comunidad sin revisión municipal."
madrid,Horcajo de la Sierra-Aoslos,Madrid,municipality:madrid::horcajo_de_la_sierra_aoslos,multi-distribuidora: requiere revisión,needs_municipal_review,multi_distributor_region_needs_municipal_review,no,UFD — presencia regional + herramientas oficiales de consulta,https://www.ufd.es/quienes-somos/,official_public_source_or_review_tool,no,"UFD declara presencia en Comunidad de Madrid, pero no se debe importar toda la comunidad sin revisión municipal."
madrid,Velilla de San Antonio,Madrid,municipality:madrid::velilla_de_san_antonio,multi-distribuidora: requiere revisión,needs_municipal_review,multi_distributor_region_needs_municipal_review,no,UFD — presencia regional + herramientas oficiales de consulta,https://www.ufd.es/quienes-somos/,official_public_source_or_review_tool,no,"UFD declara presencia en Comunidad de Madrid, pero no se debe importar toda la comunidad sin revisión municipal."
madrid,Hoyo de Manzanares,Madrid,municipality:madrid::hoyo_de_manzanares,multi-distribuidora: requiere revisión,needs_municipal_review,multi_distributor_region_needs_municipal_review,no,UFD — presencia regional + herramientas oficiales de consulta,https://www.ufd.es/quienes-somos/,official_public_source_or_review_tool,no,"UFD declara presencia en Comunidad de Madrid, pero no se debe importar toda la comunidad sin revisión municipal."
madrid,Móstoles,Madrid,municipality:madrid::mostoles,multi-distribuidora: requiere revisión,needs_municipal_review,multi_distributor_region_needs_municipal_review,no,UFD — presencia regional + herramientas oficiales de consulta,https://www.ufd.es/quienes-somos/,official_public_source_or_review_tool,no,"UFD declara presencia en Comunidad de Madrid, pero no se debe importar toda la comunidad sin revisión municipal."
madrid,Leganés,Madrid,municipality:madrid::leganes,multi-distribuidora: requiere revisión,needs_municipal_review,multi_distributor_region_needs_municipal_review,no,UFD — presencia regional + herramientas oficiales de consulta,https://www.ufd.es/quienes-somos/,official_public_source_or_review_tool,no,"UFD declara presencia en Comunidad de Madrid, pero no se debe importar toda la comunidad sin revisión municipal."
madrid,Canencia,Madrid,municipality:madrid::canencia,multi-distribuidora: requiere revisión,needs_municipal_review,multi_distributor_region_needs_municipal_review,no,UFD — presencia regional + herramientas oficiales de consulta,https://www.ufd.es/quienes-somos/,official_public_source_or_review_tool,no,"UFD declara presencia en Comunidad de Madrid, pero no se debe importar toda la comunidad sin revisión municipal."
madrid,San Lorenzo de El Escorial,Madrid,municipality:madrid::san_lorenzo_de_el_escorial,multi-distribuidora: requiere revisión,needs_municipal_review,multi_distributor_region_needs_municipal_review,no,UFD — presencia regional + herramientas oficiales de consulta,https://www.ufd.es/quienes-somos/,official_public_source_or_review_tool,no,"UFD declara presencia en Comunidad de Madrid, pero no se debe importar toda la comunidad sin revisión municipal."
madrid,Torres de la Alameda,Madrid,municipality:madrid::torres_de_la_alameda,multi-distribuidora: requiere revisión,needs_municipal_review,multi_distributor_region_needs_municipal_review,no,UFD — presencia regional + herramientas oficiales de consulta,https://www.ufd.es/quienes-somos/,official_public_source_or_review_tool,no,"UFD declara presencia en Comunidad de Madrid, pero no se debe importar toda la comunidad sin revisión municipal."
madrid,Miraflores de la Sierra,Madrid,municipality:madrid::miraflores_de_la_sierra,multi-distribuidora: requiere revisión,needs_municipal_review,multi_distributor_region_needs_municipal_review,no,UFD — presencia regional + herramientas oficiales de consulta,https://www.ufd.es/quienes-somos/,official_public_source_or_review_tool,no,"UFD declara presencia en Comunidad de Madrid, pero no se debe importar toda la comunidad sin revisión municipal."
madrid,Villaconejos,Madrid,municipality:madrid::villaconejos,multi-distribuidora: requiere revisión,needs_municipal_review,multi_distributor_region_needs_municipal_review,no,UFD — presencia regional + herramientas oficiales de consulta,https://www.ufd.es/quienes-somos/,official_public_source_or_review_tool,no,"UFD declara presencia en Comunidad de Madrid, pero no se debe importar toda la comunidad sin revisión municipal."
madrid,Villanueva de la Cañada,Madrid,municipality:madrid::villanueva_de_la_canada,multi-distribuidora: requiere revisión,needs_municipal_review,multi_distributor_region_needs_municipal_review,no,UFD — presencia regional + herramientas oficiales de consulta,https://www.ufd.es/quienes-somos/,official_public_source_or_review_tool,no,"UFD declara presencia en Comunidad de Madrid, pero no se debe importar toda la comunidad sin revisión municipal."
madrid,Alcorcón,Madrid,municipality:madrid::alcorcon,multi-distribuidora: requiere revisión,needs_municipal_review,multi_distributor_region_needs_municipal_review,no,UFD — presencia regional + herramientas oficiales de consulta,https://www.ufd.es/quienes-somos/,official_public_source_or_review_tool,no,"UFD declara presencia en Comunidad de Madrid, pero no se debe importar toda la comunidad sin revisión municipal."
madrid,Patones,Madrid,municipality:madrid::patones,multi-distribuidora: requiere revisión,needs_municipal_review,multi_distributor_region_needs_municipal_review,no,UFD — presencia regional + herramientas oficiales de consulta,https://www.ufd.es/quienes-somos/,official_public_source_or_review_tool,no,"UFD declara presencia en Comunidad de Madrid, pero no se debe importar toda la comunidad sin revisión municipal."
madrid,Brunete,Madrid,municipality:madrid::brunete,multi-distribuidora: requiere revisión,needs_municipal_review,multi_distributor_region_needs_municipal_review,no,UFD — presencia regional + herramientas oficiales de consulta,https://www.ufd.es/quienes-somos/,official_public_source_or_review_tool,no,"UFD declara presencia en Comunidad de Madrid, pero no se debe importar toda la comunidad sin revisión municipal."
madrid,Tres Cantos,Madrid,municipality:madrid::tres_cantos,multi-distribuidora: requiere revisión,needs_municipal_review,multi_distributor_region_needs_municipal_review,no,UFD — presencia regional + herramientas oficiales de consulta,https://www.ufd.es/quienes-somos/,official_public_source_or_review_tool,no,"UFD declara presencia en Comunidad de Madrid, pero no se debe importar toda la comunidad sin revisión municipal."
madrid,Cobeña,Madrid,municipality:madrid::cobena,multi-distribuidora: requiere revisión,needs_municipal_review,multi_distributor_region_needs_municipal_review,no,UFD — presencia regional + herramientas oficiales de consulta,https://www.ufd.es/quienes-somos/,official_public_source_or_review_tool,no,"UFD declara presencia en Comunidad de Madrid, pero no se debe importar toda la comunidad sin revisión municipal."
madrid,Braojos,Madrid,municipality:madrid::braojos,multi-distribuidora: requiere revisión,needs_municipal_review,multi_distributor_region_needs_municipal_review,no,UFD — presencia regional + herramientas oficiales de consulta,https://www.ufd.es/quienes-somos/,official_public_source_or_review_tool,no,"UFD declara presencia en Comunidad de Madrid, pero no se debe importar toda la comunidad sin revisión municipal."
madrid,Valdemaqueda,Madrid,municipality:madrid::valdemaqueda,multi-distribuidora: requiere revisión,needs_municipal_review,multi_distributor_region_needs_municipal_review,no,UFD — presencia regional + herramientas oficiales de consulta,https://www.ufd.es/quienes-somos/,official_public_source_or_review_tool,no,"UFD declara presencia en Comunidad de Madrid, pero no se debe importar toda la comunidad sin revisión municipal."
madrid,Anchuelo,Madrid,municipality:madrid::anchuelo,multi-distribuidora: requiere revisión,needs_municipal_review,multi_distributor_region_needs_municipal_review,no,UFD — presencia regional + herramientas oficiales de consulta,https://www.ufd.es/quienes-somos/,official_public_source_or_review_tool,no,"UFD declara presencia en Comunidad de Madrid, pero no se debe importar toda la comunidad sin revisión municipal."
madrid,Torremocha de Jarama,Madrid,municipality:madrid::torremocha_de_jarama,multi-distribuidora: requiere revisión,needs_municipal_review,multi_distributor_region_needs_municipal_review,no,UFD — presencia regional + herramientas oficiales de consulta,https://www.ufd.es/quienes-somos/,official_public_source_or_review_tool,no,"UFD declara presencia en Comunidad de Madrid, pero no se debe importar toda la comunidad sin revisión municipal."
madrid,Valdemoro,Madrid,municipality:madrid::valdemoro,multi-distribuidora: requiere revisión,needs_municipal_review,multi_distributor_region_needs_municipal_review,no,UFD — presencia regional + herramientas oficiales de consulta,https://www.ufd.es/quienes-somos/,official_public_source_or_review_tool,no,"UFD declara presencia en Comunidad de Madrid, pero no se debe importar toda la comunidad sin revisión municipal."
madrid,Pedrezuela,Madrid,municipality:madrid::pedrezuela,multi-distribuidora: requiere revisión,needs_municipal_review,multi_distributor_region_needs_municipal_review,no,UFD — presencia regional + herramientas oficiales de consulta,https://www.ufd.es/quienes-somos/,official_public_source_or_review_tool,no,"UFD declara presencia en Comunidad de Madrid, pero no se debe importar toda la comunidad sin revisión municipal."
madrid,Ajalvir,Madrid,municipality:madrid::ajalvir,multi-distribuidora: requiere revisión,needs_municipal_review,multi_distributor_region_needs_municipal_review,no,UFD — presencia regional + herramientas oficiales de consulta,https://www.ufd.es/quienes-somos/,official_public_source_or_review_tool,no,"UFD declara presencia en Comunidad de Madrid, pero no se debe importar toda la comunidad sin revisión municipal."
madrid,Somosierra,Madrid,municipality:madrid::somosierra,multi-distribuidora: requiere revisión,needs_municipal_review,multi_distributor_region_needs_municipal_review,no,UFD — presencia regional + herramientas oficiales de consulta,https://www.ufd.es/quienes-somos/,official_public_source_or_review_tool,no,"UFD declara presencia en Comunidad de Madrid, pero no se debe importar toda la comunidad sin revisión municipal."
madrid,San Martín de Valdeiglesias,Madrid,municipality:madrid::san_martin_de_valdeiglesias,multi-distribuidora: requiere revisión,needs_municipal_review,multi_distributor_region_needs_municipal_review,no,UFD — presencia regional + herramientas oficiales de consulta,https://www.ufd.es/quienes-somos/,official_public_source_or_review_tool,no,"UFD declara presencia en Comunidad de Madrid, pero no se debe importar toda la comunidad sin revisión municipal."
madrid,Valverde de Alcalá,Madrid,municipality:madrid::valverde_de_alcala,multi-distribuidora: requiere revisión,needs_municipal_review,multi_distributor_region_needs_municipal_review,no,UFD — presencia regional + herramientas oficiales de consulta,https://www.ufd.es/quienes-somos/,official_public_source_or_review_tool,no,"UFD declara presencia en Comunidad de Madrid, pero no se debe importar toda la comunidad sin revisión municipal."
madrid,Griñón,Madrid,municipality:madrid::grinon,multi-distribuidora: requiere revisión,needs_municipal_review,multi_distributor_region_needs_municipal_review,no,UFD — presencia regional + herramientas oficiales de consulta,https://www.ufd.es/quienes-somos/,official_public_source_or_review_tool,no,"UFD declara presencia en Comunidad de Madrid, pero no se debe importar toda la comunidad sin revisión municipal."
madrid,Lozoyuela-Navas-Sieteiglesias,Madrid,municipality:madrid::lozoyuela_navas_sieteiglesias,multi-distribuidora: requiere revisión,needs_municipal_review,multi_distributor_region_needs_municipal_review,no,UFD — presencia regional + herramientas oficiales de consulta,https://www.ufd.es/quienes-somos/,official_public_source_or_review_tool,no,"UFD declara presencia en Comunidad de Madrid, pero no se debe importar toda la comunidad sin revisión municipal."
madrid,Robledillo de la Jara,Madrid,municipality:madrid::robledillo_de_la_jara,multi-distribuidora: requiere revisión,needs_municipal_review,multi_distributor_region_needs_municipal_review,no,UFD — presencia regional + herramientas oficiales de consulta,https://www.ufd.es/quienes-somos/,official_public_source_or_review_tool,no,"UFD declara presencia en Comunidad de Madrid, pero no se debe importar toda la comunidad sin revisión municipal."
madrid,Buitrago del Lozoya,Madrid,municipality:madrid::buitrago_del_lozoya,multi-distribuidora: requiere revisión,needs_municipal_review,multi_distributor_region_needs_municipal_review,no,UFD — presencia regional + herramientas oficiales de consulta,https://www.ufd.es/quienes-somos/,official_public_source_or_review_tool,no,"UFD declara presencia en Comunidad de Madrid, pero no se debe importar toda la comunidad sin revisión municipal."
madrid,Fuente el Saz de Jarama,Madrid,municipality:madrid::fuente_el_saz_de_jarama,multi-distribuidora: requiere revisión,needs_municipal_review,multi_distributor_region_needs_municipal_review,no,UFD — presencia regional + herramientas oficiales de consulta,https://www.ufd.es/quienes-somos/,official_public_source_or_review_tool,no,"UFD declara presencia en Comunidad de Madrid, pero no se debe importar toda la comunidad sin revisión municipal."
madrid,Puentes Viejas,Madrid,municipality:madrid::puentes_viejas,multi-distribuidora: requiere revisión,needs_municipal_review,multi_distributor_region_needs_municipal_review,no,UFD — presencia regional + herramientas oficiales de consulta,https://www.ufd.es/quienes-somos/,official_public_source_or_review_tool,no,"UFD declara presencia en Comunidad de Madrid, pero no se debe importar toda la comunidad sin revisión municipal."
madrid,La Serna del Monte,Madrid,municipality:madrid::la_serna_del_monte,multi-distribuidora: requiere revisión,needs_municipal_review,multi_distributor_region_needs_municipal_review,no,UFD — presencia regional + herramientas oficiales de consulta,https://www.ufd.es/quienes-somos/,official_public_source_or_review_tool,no,"UFD declara presencia en Comunidad de Madrid, pero no se debe importar toda la comunidad sin revisión municipal."
madrid,Chapinería,Madrid,municipality:madrid::chapineria,multi-distribuidora: requiere revisión,needs_municipal_review,multi_distributor_region_needs_municipal_review,no,UFD — presencia regional + herramientas oficiales de consulta,https://www.ufd.es/quienes-somos/,official_public_source_or_review_tool,no,"UFD declara presencia en Comunidad de Madrid, pero no se debe importar toda la comunidad sin revisión municipal."
madrid,Boadilla del Monte,Madrid,municipality:madrid::boadilla_del_monte,multi-distribuidora: requiere revisión,needs_municipal_review,multi_distributor_region_needs_municipal_review,no,UFD — presencia regional + herramientas oficiales de consulta,https://www.ufd.es/quienes-somos/,official_public_source_or_review_tool,no,"UFD declara presencia en Comunidad de Madrid, pero no se debe importar toda la comunidad sin revisión municipal."
madrid,Arganda del Rey,Madrid,municipality:madrid::arganda_del_rey,multi-distribuidora: requiere revisión,needs_municipal_review,multi_distributor_region_needs_municipal_review,no,UFD — presencia regional + herramientas oficiales de consulta,https://www.ufd.es/quienes-somos/,official_public_source_or_review_tool,no,"UFD declara presencia en Comunidad de Madrid, pero no se debe importar toda la comunidad sin revisión municipal."
madrid,El Atazar,Madrid,municipality:madrid::el_atazar,multi-distribuidora: requiere revisión,needs_municipal_review,multi_distributor_region_needs_municipal_review,no,UFD — presencia regional + herramientas oficiales de consulta,https://www.ufd.es/quienes-somos/,official_public_source_or_review_tool,no,"UFD declara presencia en Comunidad de Madrid, pero no se debe importar toda la comunidad sin revisión municipal."
madrid,Casarrubuelos,Madrid,municipality:madrid::casarrubuelos,multi-distribuidora: requiere revisión,needs_municipal_review,multi_distributor_region_needs_municipal_review,no,UFD — presencia regional + herramientas oficiales de consulta,https://www.ufd.es/quienes-somos/,official_public_source_or_review_tool,no,"UFD declara presencia en Comunidad de Madrid, pero no se debe importar toda la comunidad sin revisión municipal."
madrid,Colmenarejo,Madrid,municipality:madrid::colmenarejo,multi-distribuidora: requiere revisión,needs_municipal_review,multi_distributor_region_needs_municipal_review,no,UFD — presencia regional + herramientas oficiales de consulta,https://www.ufd.es/quienes-somos/,official_public_source_or_review_tool,no,"UFD declara presencia en Comunidad de Madrid, pero no se debe importar toda la comunidad sin revisión municipal."
madrid,Nuevo Baztán,Madrid,municipality:madrid::nuevo_baztan,multi-distribuidora: requiere revisión,needs_municipal_review,multi_distributor_region_needs_municipal_review,no,UFD — presencia regional + herramientas oficiales de consulta,https://www.ufd.es/quienes-somos/,official_public_source_or_review_tool,no,"UFD declara presencia en Comunidad de Madrid, pero no se debe importar toda la comunidad sin revisión municipal."
madrid,Valdeolmos-Alalpardo,Madrid,municipality:madrid::valdeolmos_alalpardo,multi-distribuidora: requiere revisión,needs_municipal_review,multi_distributor_region_needs_municipal_review,no,UFD — presencia regional + herramientas oficiales de consulta,https://www.ufd.es/quienes-somos/,official_public_source_or_review_tool,no,"UFD declara presencia en Comunidad de Madrid, pero no se debe importar toda la comunidad sin revisión municipal."
madrid,Los Baldios,Madrid,municipality:madrid::los_baldios,multi-distribuidora: requiere revisión,needs_municipal_review,multi_distributor_region_needs_municipal_review,no,UFD — presencia regional + herramientas oficiales de consulta,https://www.ufd.es/quienes-somos/,official_public_source_or_review_tool,no,"UFD declara presencia en Comunidad de Madrid, pero no se debe importar toda la comunidad sin revisión municipal."
madrid,Gargantilla del Lozoya y Pinilla de Buitrago,Madrid,municipality:madrid::gargantilla_del_lozoya_y_pinilla_de_buitrago,multi-distribuidora: requiere revisión,needs_municipal_review,multi_distributor_region_needs_municipal_review,no,UFD — presencia regional + herramientas oficiales de consulta,https://www.ufd.es/quienes-somos/,official_public_source_or_review_tool,no,"UFD declara presencia en Comunidad de Madrid, pero no se debe importar toda la comunidad sin revisión municipal."
madrid,Venturada,Madrid,municipality:madrid::venturada,multi-distribuidora: requiere revisión,needs_municipal_review,multi_distributor_region_needs_municipal_review,no,UFD — presencia regional + herramientas oficiales de consulta,https://www.ufd.es/quienes-somos/,official_public_source_or_review_tool,no,"UFD declara presencia en Comunidad de Madrid, pero no se debe importar toda la comunidad sin revisión municipal."
madrid,Camarma de Esteruelas,Madrid,municipality:madrid::camarma_de_esteruelas,multi-distribuidora: requiere revisión,needs_municipal_review,multi_distributor_region_needs_municipal_review,no,UFD — presencia regional + herramientas oficiales de consulta,https://www.ufd.es/quienes-somos/,official_public_source_or_review_tool,no,"UFD declara presencia en Comunidad de Madrid, pero no se debe importar toda la comunidad sin revisión municipal."
madrid,Pozuelo del Rey,Madrid,municipality:madrid::pozuelo_del_rey,multi-distribuidora: requiere revisión,needs_municipal_review,multi_distributor_region_needs_municipal_review,no,UFD — presencia regional + herramientas oficiales de consulta,https://www.ufd.es/quienes-somos/,official_public_source_or_review_tool,no,"UFD declara presencia en Comunidad de Madrid, pero no se debe importar toda la comunidad sin revisión municipal."
madrid,Pozuelo de Alarcón,Madrid,municipality:madrid::pozuelo_de_alarcon,multi-distribuidora: requiere revisión,needs_municipal_review,multi_distributor_region_needs_municipal_review,no,UFD — presencia regional + herramientas oficiales de consulta,https://www.ufd.es/quienes-somos/,official_public_source_or_review_tool,no,"UFD declara presencia en Comunidad de Madrid, pero no se debe importar toda la comunidad sin revisión municipal."
madrid,El Boalo,Madrid,municipality:madrid::el_boalo,multi-distribuidora: requiere revisión,needs_municipal_review,multi_distributor_region_needs_municipal_review,no,UFD — presencia regional + herramientas oficiales de consulta,https://www.ufd.es/quienes-somos/,official_public_source_or_review_tool,no,"UFD declara presencia en Comunidad de Madrid, pero no se debe importar toda la comunidad sin revisión municipal."
madrid,Serranillos del Valle,Madrid,municipality:madrid::serranillos_del_valle,multi-distribuidora: requiere revisión,needs_municipal_review,multi_distributor_region_needs_municipal_review,no,UFD — presencia regional + herramientas oficiales de consulta,https://www.ufd.es/quienes-somos/,official_public_source_or_review_tool,no,"UFD declara presencia en Comunidad de Madrid, pero no se debe importar toda la comunidad sin revisión municipal."
madrid,Cadalso de los Vidrios,Madrid,municipality:madrid::cadalso_de_los_vidrios,multi-distribuidora: requiere revisión,needs_municipal_review,multi_distributor_region_needs_municipal_review,no,UFD — presencia regional + herramientas oficiales de consulta,https://www.ufd.es/quienes-somos/,official_public_source_or_review_tool,no,"UFD declara presencia en Comunidad de Madrid, pero no se debe importar toda la comunidad sin revisión municipal."
madrid,Ciempozuelos,Madrid,municipality:madrid::ciempozuelos,multi-distribuidora: requiere revisión,needs_municipal_review,multi_distributor_region_needs_municipal_review,no,UFD — presencia regional + herramientas oficiales de consulta,https://www.ufd.es/quienes-somos/,official_public_source_or_review_tool,no,"UFD declara presencia en Comunidad de Madrid, pero no se debe importar toda la comunidad sin revisión municipal."
madrid,Torrejón de Velasco,Madrid,municipality:madrid::torrejon_de_velasco,multi-distribuidora: requiere revisión,needs_municipal_review,multi_distributor_region_needs_municipal_review,no,UFD — presencia regional + herramientas oficiales de consulta,https://www.ufd.es/quienes-somos/,official_public_source_or_review_tool,no,"UFD declara presencia en Comunidad de Madrid, pero no se debe importar toda la comunidad sin revisión municipal."
madrid,Arroyomolinos,Madrid,municipality:madrid::arroyomolinos,multi-distribuidora: requiere revisión,needs_municipal_review,multi_distributor_region_needs_municipal_review,no,UFD — presencia regional + herramientas oficiales de consulta,https://www.ufd.es/quienes-somos/,official_public_source_or_review_tool,no,"UFD declara presencia en Comunidad de Madrid, pero no se debe importar toda la comunidad sin revisión municipal."
madrid,Cercedilla,Madrid,municipality:madrid::cercedilla,multi-distribuidora: requiere revisión,needs_municipal_review,multi_distributor_region_needs_municipal_review,no,UFD — presencia regional + herramientas oficiales de consulta,https://www.ufd.es/quienes-somos/,official_public_source_or_review_tool,no,"UFD declara presencia en Comunidad de Madrid, pero no se debe importar toda la comunidad sin revisión municipal."
madrid,Belmonte de Tajo,Madrid,municipality:madrid::belmonte_de_tajo,multi-distribuidora: requiere revisión,needs_municipal_review,multi_distributor_region_needs_municipal_review,no,UFD — presencia regional + herramientas oficiales de consulta,https://www.ufd.es/quienes-somos/,official_public_source_or_review_tool,no,"UFD declara presencia en Comunidad de Madrid, pero no se debe importar toda la comunidad sin revisión municipal."
madrid,Olmeda de las Fuentes,Madrid,municipality:madrid::olmeda_de_las_fuentes,multi-distribuidora: requiere revisión,needs_municipal_review,multi_distributor_region_needs_municipal_review,no,UFD — presencia regional + herramientas oficiales de consulta,https://www.ufd.es/quienes-somos/,official_public_source_or_review_tool,no,"UFD declara presencia en Comunidad de Madrid, pero no se debe importar toda la comunidad sin revisión municipal."
madrid,Torrelodones,Madrid,municipality:madrid::torrelodones,multi-distribuidora: requiere revisión,needs_municipal_review,multi_distributor_region_needs_municipal_review,no,UFD — presencia regional + herramientas oficiales de consulta,https://www.ufd.es/quienes-somos/,official_public_source_or_review_tool,no,"UFD declara presencia en Comunidad de Madrid, pero no se debe importar toda la comunidad sin revisión municipal."
madrid,Getafe,Madrid,municipality:madrid::getafe,multi-distribuidora: requiere revisión,needs_municipal_review,multi_distributor_region_needs_municipal_review,no,UFD — presencia regional + herramientas oficiales de consulta,https://www.ufd.es/quienes-somos/,official_public_source_or_review_tool,no,"UFD declara presencia en Comunidad de Madrid, pero no se debe importar toda la comunidad sin revisión municipal."
