municipio,province,candidate_distributor,confidence,source_name,source_url,source_type,review_status,notes
Irixoa,A Coruña,"UFD Distribución Electricidad, S.A.",regional_default,UFD/Naturgy presencia regional Galicia,https://www.naturgy.com/notas-de-prensa/gerardo-rodriguez-nuevo-delegado-de-naturgy-en-galicia/ | https://www.ufd.es/quienes-somos/donde-estamos/,regional_corporate_and_distributor_public_info,matched_regional_default_ufd,Asignación regional orientativa: UFD declara servicio en 286 municipios gallegos y ofrece comprobación por mapa/CUPS. No es verificación municipal; no afirma exclusividad total.
Lousame,A Coruña,"UFD Distribución Electricidad, S.A.",regional_default,UFD/Naturgy presencia regional Galicia,https://www.naturgy.com/notas-de-prensa/gerardo-rodriguez-nuevo-delegado-de-naturgy-en-galicia/ | https://www.ufd.es/quienes-somos/donde-estamos/,regional_corporate_and_distributor_public_info,matched_regional_default_ufd,Asignación regional orientativa: UFD declara servicio en 286 municipios gallegos y ofrece comprobación por mapa/CUPS. No es verificación municipal; no afirma exclusividad total.
Mañón,A Coruña,"UFD Distribución Electricidad, S.A.",regional_default,UFD/Naturgy presencia regional Galicia,https://www.naturgy.com/notas-de-prensa/gerardo-rodriguez-nuevo-delegado-de-naturgy-en-galicia/ | https://www.ufd.es/quienes-somos/donde-estamos/,regional_corporate_and_distributor_public_info,matched_regional_default_ufd,Asignación regional orientativa: UFD declara servicio en 286 municipios gallegos y ofrece comprobación por mapa/CUPS. No es verificación municipal; no afirma exclusividad total.
Muxía,A Coruña,"UFD Distribución Electricidad, S.A.",regional_default,UFD/Naturgy presencia regional Galicia,https://www.naturgy.com/notas-de-prensa/gerardo-rodriguez-nuevo-delegado-de-naturgy-en-galicia/ | https://www.ufd.es/quienes-somos/donde-estamos/,regional_corporate_and_distributor_public_info,matched_regional_default_ufd,Asignación regional orientativa: UFD declara servicio en 286 municipios gallegos y ofrece comprobación por mapa/CUPS. No es verificación municipal; no afirma exclusividad total.
Ortigueira,A Coruña,"UFD Distribución Electricidad, S.A.",regional_default,UFD/Naturgy presencia regional Galicia,https://www.naturgy.com/notas-de-prensa/gerardo-rodriguez-nuevo-delegado-de-naturgy-en-galicia/ | https://www.ufd.es/quienes-somos/donde-estamos/,regional_corporate_and_distributor_public_info,matched_regional_default_ufd,Asignación regional orientativa: UFD declara servicio en 286 municipios gallegos y ofrece comprobación por mapa/CUPS. No es verificación municipal; no afirma exclusividad total.
Paderne,A Coruña,"UFD Distribución Electricidad, S.A.",regional_default,UFD/Naturgy presencia regional Galicia,https://www.naturgy.com/notas-de-prensa/gerardo-rodriguez-nuevo-delegado-de-naturgy-en-galicia/ | https://www.ufd.es/quienes-somos/donde-estamos/,regional_corporate_and_distributor_public_info,matched_regional_default_ufd,Asignación regional orientativa: UFD declara servicio en 286 municipios gallegos y ofrece comprobación por mapa/CUPS. No es verificación municipal; no afirma exclusividad total.
Ponteceso,A Coruña,"UFD Distribución Electricidad, S.A.",regional_default,UFD/Naturgy presencia regional Galicia,https://www.naturgy.com/notas-de-prensa/gerardo-rodriguez-nuevo-delegado-de-naturgy-en-galicia/ | https://www.ufd.es/quienes-somos/donde-estamos/,regional_corporate_and_distributor_public_info,matched_regional_default_ufd,Asignación regional orientativa: UFD declara servicio en 286 municipios gallegos y ofrece comprobación por mapa/CUPS. No es verificación municipal; no afirma exclusividad total.
Pontedeume,A Coruña,"UFD Distribución Electricidad, S.A.",regional_default,UFD/Naturgy presencia regional Galicia,https://www.naturgy.com/notas-de-prensa/gerardo-rodriguez-nuevo-delegado-de-naturgy-en-galicia/ | https://www.ufd.es/quienes-somos/donde-estamos/,regional_corporate_and_distributor_public_info,matched_regional_default_ufd,Asignación regional orientativa: UFD declara servicio en 286 municipios gallegos y ofrece comprobación por mapa/CUPS. No es verificación municipal; no afirma exclusividad total.
Sobrado,A Coruña,"UFD Distribución Electricidad, S.A.",regional_default,UFD/Naturgy presencia regional Galicia,https://www.naturgy.com/notas-de-prensa/gerardo-rodriguez-nuevo-delegado-de-naturgy-en-galicia/ | https://www.ufd.es/quienes-somos/donde-estamos/,regional_corporate_and_distributor_public_info,matched_regional_default_ufd,Asignación regional orientativa: UFD declara servicio en 286 municipios gallegos y ofrece comprobación por mapa/CUPS. No es verificación municipal; no afirma exclusividad total.
Toques,A Coruña,"UFD Distribución Electricidad, S.A.",regional_default,UFD/Naturgy presencia regional Galicia,https://www.naturgy.com/notas-de-prensa/gerardo-rodriguez-nuevo-delegado-de-naturgy-en-galicia/ | https://www.ufd.es/quienes-somos/donde-estamos/,regional_corporate_and_distributor_public_info,matched_regional_default_ufd,Asignación regional orientativa: UFD declara servicio en 286 municipios gallegos y ofrece comprobación por mapa/CUPS. No es verificación municipal; no afirma exclusividad total.
Trazo,A Coruña,"UFD Distribución Electricidad, S.A.",regional_default,UFD/Naturgy presencia regional Galicia,https://www.naturgy.com/notas-de-prensa/gerardo-rodriguez-nuevo-delegado-de-naturgy-en-galicia/ | https://www.ufd.es/quienes-somos/donde-estamos/,regional_corporate_and_distributor_public_info,matched_regional_default_ufd,Asignación regional orientativa: UFD declara servicio en 286 municipios gallegos y ofrece comprobación por mapa/CUPS. No es verificación municipal; no afirma exclusividad total.
Vilasantar,A Coruña,"UFD Distribución Electricidad, S.A.",regional_default,UFD/Naturgy presencia regional Galicia,https://www.naturgy.com/notas-de-prensa/gerardo-rodriguez-nuevo-delegado-de-naturgy-en-galicia/ | https://www.ufd.es/quienes-somos/donde-estamos/,regional_corporate_and_distributor_public_info,matched_regional_default_ufd,Asignación regional orientativa: UFD declara servicio en 286 municipios gallegos y ofrece comprobación por mapa/CUPS. No es verificación municipal; no afirma exclusividad total.
A Bola,Ourense,"UFD Distribución Electricidad, S.A.",regional_default,UFD/Naturgy presencia regional Galicia,https://www.naturgy.com/notas-de-prensa/gerardo-rodriguez-nuevo-delegado-de-naturgy-en-galicia/ | https://www.ufd.es/quienes-somos/donde-estamos/,regional_corporate_and_distributor_public_info,matched_regional_default_ufd,Asignación regional orientativa: UFD declara servicio en 286 municipios gallegos y ofrece comprobación por mapa/CUPS. No es verificación municipal; no afirma exclusividad total.
A Gudiña,Ourense,"UFD Distribución Electricidad, S.A.",regional_default,UFD/Naturgy presencia regional Galicia,https://www.naturgy.com/notas-de-prensa/gerardo-rodriguez-nuevo-delegado-de-naturgy-en-galicia/ | https://www.ufd.es/quienes-somos/donde-estamos/,regional_corporate_and_distributor_public_info,matched_regional_default_ufd,Asignación regional orientativa: UFD declara servicio en 286 municipios gallegos y ofrece comprobación por mapa/CUPS. No es verificación municipal; no afirma exclusividad total.
A Merca,Ourense,"UFD Distribución Electricidad, S.A.",regional_default,UFD/Naturgy presencia regional Galicia,https://www.naturgy.com/notas-de-prensa/gerardo-rodriguez-nuevo-delegado-de-naturgy-en-galicia/ | https://www.ufd.es/quienes-somos/donde-estamos/,regional_corporate_and_distributor_public_info,matched_regional_default_ufd,Asignación regional orientativa: UFD declara servicio en 286 municipios gallegos y ofrece comprobación por mapa/CUPS. No es verificación municipal; no afirma exclusividad total.
A Mezquita,Ourense,"UFD Distribución Electricidad, S.A.",regional_default,UFD/Naturgy presencia regional Galicia,https://www.naturgy.com/notas-de-prensa/gerardo-rodriguez-nuevo-delegado-de-naturgy-en-galicia/ | https://www.ufd.es/quienes-somos/donde-estamos/,regional_corporate_and_distributor_public_info,matched_regional_default_ufd,Asignación regional orientativa: UFD declara servicio en 286 municipios gallegos y ofrece comprobación por mapa/CUPS. No es verificación municipal; no afirma exclusividad total.
A Pobra de Trives,Ourense,"UFD Distribución Electricidad, S.A.",regional_default,UFD/Naturgy presencia regional Galicia,https://www.naturgy.com/notas-de-prensa/gerardo-rodriguez-nuevo-delegado-de-naturgy-en-galicia/ | https://www.ufd.es/quienes-somos/donde-estamos/,regional_corporate_and_distributor_public_info,matched_regional_default_ufd,Asignación regional orientativa: UFD declara servicio en 286 municipios gallegos y ofrece comprobación por mapa/CUPS. No es verificación municipal; no afirma exclusividad total.
A Rúa,Ourense,"UFD Distribución Electricidad, S.A.",regional_default,UFD/Naturgy presencia regional Galicia,https://www.naturgy.com/notas-de-prensa/gerardo-rodriguez-nuevo-delegado-de-naturgy-en-galicia/ | https://www.ufd.es/quienes-somos/donde-estamos/,regional_corporate_and_distributor_public_info,matched_regional_default_ufd,Asignación regional orientativa: UFD declara servicio en 286 municipios gallegos y ofrece comprobación por mapa/CUPS. No es verificación municipal; no afirma exclusividad total.
Allariz,Ourense,"UFD Distribución Electricidad, S.A.",regional_default,UFD/Naturgy presencia regional Galicia,https://www.naturgy.com/notas-de-prensa/gerardo-rodriguez-nuevo-delegado-de-naturgy-en-galicia/ | https://www.ufd.es/quienes-somos/donde-estamos/,regional_corporate_and_distributor_public_info,matched_regional_default_ufd,Asignación regional orientativa: UFD declara servicio en 286 municipios gallegos y ofrece comprobación por mapa/CUPS. No es verificación municipal; no afirma exclusividad total.
Amoeiro,Ourense,"UFD Distribución Electricidad, S.A.",regional_default,UFD/Naturgy presencia regional Galicia,https://www.naturgy.com/notas-de-prensa/gerardo-rodriguez-nuevo-delegado-de-naturgy-en-galicia/ | https://www.ufd.es/quienes-somos/donde-estamos/,regional_corporate_and_distributor_public_info,matched_regional_default_ufd,Asignación regional orientativa: UFD declara servicio en 286 municipios gallegos y ofrece comprobación por mapa/CUPS. No es verificación municipal; no afirma exclusividad total.
Avión,Ourense,"UFD Distribución Electricidad, S.A.",regional_default,UFD/Naturgy presencia regional Galicia,https://www.naturgy.com/notas-de-prensa/gerardo-rodriguez-nuevo-delegado-de-naturgy-en-galicia/ | https://www.ufd.es/quienes-somos/donde-estamos/,regional_corporate_and_distributor_public_info,matched_regional_default_ufd,Asignación regional orientativa: UFD declara servicio en 286 municipios gallegos y ofrece comprobación por mapa/CUPS. No es verificación municipal; no afirma exclusividad total.
Baltar,Ourense,"UFD Distribución Electricidad, S.A.",regional_default,UFD/Naturgy presencia regional Galicia,https://www.naturgy.com/notas-de-prensa/gerardo-rodriguez-nuevo-delegado-de-naturgy-en-galicia/ | https://www.ufd.es/quienes-somos/donde-estamos/,regional_corporate_and_distributor_public_info,matched_regional_default_ufd,Asignación regional orientativa: UFD declara servicio en 286 municipios gallegos y ofrece comprobación por mapa/CUPS. No es verificación municipal; no afirma exclusividad total.
Bande,Ourense,"UFD Distribución Electricidad, S.A.",regional_default,UFD/Naturgy presencia regional Galicia,https://www.naturgy.com/notas-de-prensa/gerardo-rodriguez-nuevo-delegado-de-naturgy-en-galicia/ | https://www.ufd.es/quienes-somos/donde-estamos/,regional_corporate_and_distributor_public_info,matched_regional_default_ufd,Asignación regional orientativa: UFD declara servicio en 286 municipios gallegos y ofrece comprobación por mapa/CUPS. No es verificación municipal; no afirma exclusividad total.
Barbadás,Ourense,"UFD Distribución Electricidad, S.A.",regional_default,UFD/Naturgy presencia regional Galicia,https://www.naturgy.com/notas-de-prensa/gerardo-rodriguez-nuevo-delegado-de-naturgy-en-galicia/ | https://www.ufd.es/quienes-somos/donde-estamos/,regional_corporate_and_distributor_public_info,matched_regional_default_ufd,Asignación regional orientativa: UFD declara servicio en 286 municipios gallegos y ofrece comprobación por mapa/CUPS. No es verificación municipal; no afirma exclusividad total.
Beade,Ourense,"UFD Distribución Electricidad, S.A.",regional_default,UFD/Naturgy presencia regional Galicia,https://www.naturgy.com/notas-de-prensa/gerardo-rodriguez-nuevo-delegado-de-naturgy-en-galicia/ | https://www.ufd.es/quienes-somos/donde-estamos/,regional_corporate_and_distributor_public_info,matched_regional_default_ufd,Asignación regional orientativa: UFD declara servicio en 286 municipios gallegos y ofrece comprobación por mapa/CUPS. No es verificación municipal; no afirma exclusividad total.
Beariz,Ourense,"UFD Distribución Electricidad, S.A.",regional_default,UFD/Naturgy presencia regional Galicia,https://www.naturgy.com/notas-de-prensa/gerardo-rodriguez-nuevo-delegado-de-naturgy-en-galicia/ | https://www.ufd.es/quienes-somos/donde-estamos/,regional_corporate_and_distributor_public_info,matched_regional_default_ufd,Asignación regional orientativa: UFD declara servicio en 286 municipios gallegos y ofrece comprobación por mapa/CUPS. No es verificación municipal; no afirma exclusividad total.
Boborás,Ourense,"UFD Distribución Electricidad, S.A.",regional_default,UFD/Naturgy presencia regional Galicia,https://www.naturgy.com/notas-de-prensa/gerardo-rodriguez-nuevo-delegado-de-naturgy-en-galicia/ | https://www.ufd.es/quienes-somos/donde-estamos/,regional_corporate_and_distributor_public_info,matched_regional_default_ufd,Asignación regional orientativa: UFD declara servicio en 286 municipios gallegos y ofrece comprobación por mapa/CUPS. No es verificación municipal; no afirma exclusividad total.
Calvos de Randín,Ourense,"UFD Distribución Electricidad, S.A.",regional_default,UFD/Naturgy presencia regional Galicia,https://www.naturgy.com/notas-de-prensa/gerardo-rodriguez-nuevo-delegado-de-naturgy-en-galicia/ | https://www.ufd.es/quienes-somos/donde-estamos/,regional_corporate_and_distributor_public_info,matched_regional_default_ufd,Asignación regional orientativa: UFD declara servicio en 286 municipios gallegos y ofrece comprobación por mapa/CUPS. No es verificación municipal; no afirma exclusividad total.
Carballeda de Avia,Ourense,"UFD Distribución Electricidad, S.A.",regional_default,UFD/Naturgy presencia regional Galicia,https://www.naturgy.com/notas-de-prensa/gerardo-rodriguez-nuevo-delegado-de-naturgy-en-galicia/ | https://www.ufd.es/quienes-somos/donde-estamos/,regional_corporate_and_distributor_public_info,matched_regional_default_ufd,Asignación regional orientativa: UFD declara servicio en 286 municipios gallegos y ofrece comprobación por mapa/CUPS. No es verificación municipal; no afirma exclusividad total.
Carballeda de Valdeorras,Ourense,"UFD Distribución Electricidad, S.A.",regional_default,UFD/Naturgy presencia regional Galicia,https://www.naturgy.com/notas-de-prensa/gerardo-rodriguez-nuevo-delegado-de-naturgy-en-galicia/ | https://www.ufd.es/quienes-somos/donde-estamos/,regional_corporate_and_distributor_public_info,matched_regional_default_ufd,Asignación regional orientativa: UFD declara servicio en 286 municipios gallegos y ofrece comprobación por mapa/CUPS. No es verificación municipal; no afirma exclusividad total.
Cartelle,Ourense,"UFD Distribución Electricidad, S.A.",regional_default,UFD/Naturgy presencia regional Galicia,https://www.naturgy.com/notas-de-prensa/gerardo-rodriguez-nuevo-delegado-de-naturgy-en-galicia/ | https://www.ufd.es/quienes-somos/donde-estamos/,regional_corporate_and_distributor_public_info,matched_regional_default_ufd,Asignación regional orientativa: UFD declara servicio en 286 municipios gallegos y ofrece comprobación por mapa/CUPS. No es verificación municipal; no afirma exclusividad total.
Castrelo de Miño,Ourense,"UFD Distribución Electricidad, S.A.",regional_default,UFD/Naturgy presencia regional Galicia,https://www.naturgy.com/notas-de-prensa/gerardo-rodriguez-nuevo-delegado-de-naturgy-en-galicia/ | https://www.ufd.es/quienes-somos/donde-estamos/,regional_corporate_and_distributor_public_info,matched_regional_default_ufd,Asignación regional orientativa: UFD declara servicio en 286 municipios gallegos y ofrece comprobación por mapa/CUPS. No es verificación municipal; no afirma exclusividad total.
Castrelo do Val,Ourense,"UFD Distribución Electricidad, S.A.",regional_default,UFD/Naturgy presencia regional Galicia,https://www.naturgy.com/notas-de-prensa/gerardo-rodriguez-nuevo-delegado-de-naturgy-en-galicia/ | https://www.ufd.es/quienes-somos/donde-estamos/,regional_corporate_and_distributor_public_info,matched_regional_default_ufd,Asignación regional orientativa: UFD declara servicio en 286 municipios gallegos y ofrece comprobación por mapa/CUPS. No es verificación municipal; no afirma exclusividad total.
Celanova,Ourense,"UFD Distribución Electricidad, S.A.",regional_default,UFD/Naturgy presencia regional Galicia,https://www.naturgy.com/notas-de-prensa/gerardo-rodriguez-nuevo-delegado-de-naturgy-en-galicia/ | https://www.ufd.es/quienes-somos/donde-estamos/,regional_corporate_and_distributor_public_info,matched_regional_default_ufd,Asignación regional orientativa: UFD declara servicio en 286 municipios gallegos y ofrece comprobación por mapa/CUPS. No es verificación municipal; no afirma exclusividad total.
Cenlle,Ourense,"UFD Distribución Electricidad, S.A.",regional_default,UFD/Naturgy presencia regional Galicia,https://www.naturgy.com/notas-de-prensa/gerardo-rodriguez-nuevo-delegado-de-naturgy-en-galicia/ | https://www.ufd.es/quienes-somos/donde-estamos/,regional_corporate_and_distributor_public_info,matched_regional_default_ufd,Asignación regional orientativa: UFD declara servicio en 286 municipios gallegos y ofrece comprobación por mapa/CUPS. No es verificación municipal; no afirma exclusividad total.
Chandrexa de Queixa,Ourense,"UFD Distribución Electricidad, S.A.",regional_default,UFD/Naturgy presencia regional Galicia,https://www.naturgy.com/notas-de-prensa/gerardo-rodriguez-nuevo-delegado-de-naturgy-en-galicia/ | https://www.ufd.es/quienes-somos/donde-estamos/,regional_corporate_and_distributor_public_info,matched_regional_default_ufd,Asignación regional orientativa: UFD declara servicio en 286 municipios gallegos y ofrece comprobación por mapa/CUPS. No es verificación municipal; no afirma exclusividad total.
Coles,Ourense,"UFD Distribución Electricidad, S.A.",regional_default,UFD/Naturgy presencia regional Galicia,https://www.naturgy.com/notas-de-prensa/gerardo-rodriguez-nuevo-delegado-de-naturgy-en-galicia/ | https://www.ufd.es/quienes-somos/donde-estamos/,regional_corporate_and_distributor_public_info,matched_regional_default_ufd,Asignación regional orientativa: UFD declara servicio en 286 municipios gallegos y ofrece comprobación por mapa/CUPS. No es verificación municipal; no afirma exclusividad total.
Cortegada,Ourense,"UFD Distribución Electricidad, S.A.",regional_default,UFD/Naturgy presencia regional Galicia,https://www.naturgy.com/notas-de-prensa/gerardo-rodriguez-nuevo-delegado-de-naturgy-en-galicia/ | https://www.ufd.es/quienes-somos/donde-estamos/,regional_corporate_and_distributor_public_info,matched_regional_default_ufd,Asignación regional orientativa: UFD declara servicio en 286 municipios gallegos y ofrece comprobación por mapa/CUPS. No es verificación municipal; no afirma exclusividad total.
Cualedro,Ourense,"UFD Distribución Electricidad, S.A.",regional_default,UFD/Naturgy presencia regional Galicia,https://www.naturgy.com/notas-de-prensa/gerardo-rodriguez-nuevo-delegado-de-naturgy-en-galicia/ | https://www.ufd.es/quienes-somos/donde-estamos/,regional_corporate_and_distributor_public_info,matched_regional_default_ufd,Asignación regional orientativa: UFD declara servicio en 286 municipios gallegos y ofrece comprobación por mapa/CUPS. No es verificación municipal; no afirma exclusividad total.
Entrimo,Ourense,"UFD Distribución Electricidad, S.A.",regional_default,UFD/Naturgy presencia regional Galicia,https://www.naturgy.com/notas-de-prensa/gerardo-rodriguez-nuevo-delegado-de-naturgy-en-galicia/ | https://www.ufd.es/quienes-somos/donde-estamos/,regional_corporate_and_distributor_public_info,matched_regional_default_ufd,Asignación regional orientativa: UFD declara servicio en 286 municipios gallegos y ofrece comprobación por mapa/CUPS. No es verificación municipal; no afirma exclusividad total.
Esgos,Ourense,"UFD Distribución Electricidad, S.A.",regional_default,UFD/Naturgy presencia regional Galicia,https://www.naturgy.com/notas-de-prensa/gerardo-rodriguez-nuevo-delegado-de-naturgy-en-galicia/ | https://www.ufd.es/quienes-somos/donde-estamos/,regional_corporate_and_distributor_public_info,matched_regional_default_ufd,Asignación regional orientativa: UFD declara servicio en 286 municipios gallegos y ofrece comprobación por mapa/CUPS. No es verificación municipal; no afirma exclusividad total.
Gomesende,Ourense,"UFD Distribución Electricidad, S.A.",regional_default,UFD/Naturgy presencia regional Galicia,https://www.naturgy.com/notas-de-prensa/gerardo-rodriguez-nuevo-delegado-de-naturgy-en-galicia/ | https://www.ufd.es/quienes-somos/donde-estamos/,regional_corporate_and_distributor_public_info,matched_regional_default_ufd,Asignación regional orientativa: UFD declara servicio en 286 municipios gallegos y ofrece comprobación por mapa/CUPS. No es verificación municipal; no afirma exclusividad total.
Larouco,Ourense,"UFD Distribución Electricidad, S.A.",regional_default,UFD/Naturgy presencia regional Galicia,https://www.naturgy.com/notas-de-prensa/gerardo-rodriguez-nuevo-delegado-de-naturgy-en-galicia/ | https://www.ufd.es/quienes-somos/donde-estamos/,regional_corporate_and_distributor_public_info,matched_regional_default_ufd,Asignación regional orientativa: UFD declara servicio en 286 municipios gallegos y ofrece comprobación por mapa/CUPS. No es verificación municipal; no afirma exclusividad total.
Laza,Ourense,"UFD Distribución Electricidad, S.A.",regional_default,UFD/Naturgy presencia regional Galicia,https://www.naturgy.com/notas-de-prensa/gerardo-rodriguez-nuevo-delegado-de-naturgy-en-galicia/ | https://www.ufd.es/quienes-somos/donde-estamos/,regional_corporate_and_distributor_public_info,matched_regional_default_ufd,Asignación regional orientativa: UFD declara servicio en 286 municipios gallegos y ofrece comprobación por mapa/CUPS. No es verificación municipal; no afirma exclusividad total.
Leiro,Ourense,"UFD Distribución Electricidad, S.A.",regional_default,UFD/Naturgy presencia regional Galicia,https://www.naturgy.com/notas-de-prensa/gerardo-rodriguez-nuevo-delegado-de-naturgy-en-galicia/ | https://www.ufd.es/quienes-somos/donde-estamos/,regional_corporate_and_distributor_public_info,matched_regional_default_ufd,Asignación regional orientativa: UFD declara servicio en 286 municipios gallegos y ofrece comprobación por mapa/CUPS. No es verificación municipal; no afirma exclusividad total.
Lobeira,Ourense,"UFD Distribución Electricidad, S.A.",regional_default,UFD/Naturgy presencia regional Galicia,https://www.naturgy.com/notas-de-prensa/gerardo-rodriguez-nuevo-delegado-de-naturgy-en-galicia/ | https://www.ufd.es/quienes-somos/donde-estamos/,regional_corporate_and_distributor_public_info,matched_regional_default_ufd,Asignación regional orientativa: UFD declara servicio en 286 municipios gallegos y ofrece comprobación por mapa/CUPS. No es verificación municipal; no afirma exclusividad total.
Lobios,Ourense,"UFD Distribución Electricidad, S.A.",regional_default,UFD/Naturgy presencia regional Galicia,https://www.naturgy.com/notas-de-prensa/gerardo-rodriguez-nuevo-delegado-de-naturgy-en-galicia/ | https://www.ufd.es/quienes-somos/donde-estamos/,regional_corporate_and_distributor_public_info,matched_regional_default_ufd,Asignación regional orientativa: UFD declara servicio en 286 municipios gallegos y ofrece comprobación por mapa/CUPS. No es verificación municipal; no afirma exclusividad total.
Maceda,Ourense,"UFD Distribución Electricidad, S.A.",regional_default,UFD/Naturgy presencia regional Galicia,https://www.naturgy.com/notas-de-prensa/gerardo-rodriguez-nuevo-delegado-de-naturgy-en-galicia/ | https://www.ufd.es/quienes-somos/donde-estamos/,regional_corporate_and_distributor_public_info,matched_regional_default_ufd,Asignación regional orientativa: UFD declara servicio en 286 municipios gallegos y ofrece comprobación por mapa/CUPS. No es verificación municipal; no afirma exclusividad total.
Manzaneda,Ourense,"UFD Distribución Electricidad, S.A.",regional_default,UFD/Naturgy presencia regional Galicia,https://www.naturgy.com/notas-de-prensa/gerardo-rodriguez-nuevo-delegado-de-naturgy-en-galicia/ | https://www.ufd.es/quienes-somos/donde-estamos/,regional_corporate_and_distributor_public_info,matched_regional_default_ufd,Asignación regional orientativa: UFD declara servicio en 286 municipios gallegos y ofrece comprobación por mapa/CUPS. No es verificación municipal; no afirma exclusividad total.
Maside,Ourense,"UFD Distribución Electricidad, S.A.",regional_default,UFD/Naturgy presencia regional Galicia,https://www.naturgy.com/notas-de-prensa/gerardo-rodriguez-nuevo-delegado-de-naturgy-en-galicia/ | https://www.ufd.es/quienes-somos/donde-estamos/,regional_corporate_and_distributor_public_info,matched_regional_default_ufd,Asignación regional orientativa: UFD declara servicio en 286 municipios gallegos y ofrece comprobación por mapa/CUPS. No es verificación municipal; no afirma exclusividad total.
Montederramo,Ourense,"UFD Distribución Electricidad, S.A.",regional_default,UFD/Naturgy presencia regional Galicia,https://www.naturgy.com/notas-de-prensa/gerardo-rodriguez-nuevo-delegado-de-naturgy-en-galicia/ | https://www.ufd.es/quienes-somos/donde-estamos/,regional_corporate_and_distributor_public_info,matched_regional_default_ufd,Asignación regional orientativa: UFD declara servicio en 286 municipios gallegos y ofrece comprobación por mapa/CUPS. No es verificación municipal; no afirma exclusividad total.
Monterrei,Ourense,"UFD Distribución Electricidad, S.A.",regional_default,UFD/Naturgy presencia regional Galicia,https://www.naturgy.com/notas-de-prensa/gerardo-rodriguez-nuevo-delegado-de-naturgy-en-galicia/ | https://www.ufd.es/quienes-somos/donde-estamos/,regional_corporate_and_distributor_public_info,matched_regional_default_ufd,Asignación regional orientativa: UFD declara servicio en 286 municipios gallegos y ofrece comprobación por mapa/CUPS. No es verificación municipal; no afirma exclusividad total.
Muíños,Ourense,"UFD Distribución Electricidad, S.A.",regional_default,UFD/Naturgy presencia regional Galicia,https://www.naturgy.com/notas-de-prensa/gerardo-rodriguez-nuevo-delegado-de-naturgy-en-galicia/ | https://www.ufd.es/quienes-somos/donde-estamos/,regional_corporate_and_distributor_public_info,matched_regional_default_ufd,Asignación regional orientativa: UFD declara servicio en 286 municipios gallegos y ofrece comprobación por mapa/CUPS. No es verificación municipal; no afirma exclusividad total.
Nogueira de Ramuín,Ourense,"UFD Distribución Electricidad, S.A.",regional_default,UFD/Naturgy presencia regional Galicia,https://www.naturgy.com/notas-de-prensa/gerardo-rodriguez-nuevo-delegado-de-naturgy-en-galicia/ | https://www.ufd.es/quienes-somos/donde-estamos/,regional_corporate_and_distributor_public_info,matched_regional_default_ufd,Asignación regional orientativa: UFD declara servicio en 286 municipios gallegos y ofrece comprobación por mapa/CUPS. No es verificación municipal; no afirma exclusividad total.
O Barco de Valdeorras,Ourense,"UFD Distribución Electricidad, S.A.",regional_default,UFD/Naturgy presencia regional Galicia,https://www.naturgy.com/notas-de-prensa/gerardo-rodriguez-nuevo-delegado-de-naturgy-en-galicia/ | https://www.ufd.es/quienes-somos/donde-estamos/,regional_corporate_and_distributor_public_info,matched_regional_default_ufd,Asignación regional orientativa: UFD declara servicio en 286 municipios gallegos y ofrece comprobación por mapa/CUPS. No es verificación municipal; no afirma exclusividad total.
O Carballiño,Ourense,"UFD Distribución Electricidad, S.A.",regional_default,UFD/Naturgy presencia regional Galicia,https://www.naturgy.com/notas-de-prensa/gerardo-rodriguez-nuevo-delegado-de-naturgy-en-galicia/ | https://www.ufd.es/quienes-somos/donde-estamos/,regional_corporate_and_distributor_public_info,matched_regional_default_ufd,Asignación regional orientativa: UFD declara servicio en 286 municipios gallegos y ofrece comprobación por mapa/CUPS. No es verificación municipal; no afirma exclusividad total.
O Irixo,Ourense,"UFD Distribución Electricidad, S.A.",regional_default,UFD/Naturgy presencia regional Galicia,https://www.naturgy.com/notas-de-prensa/gerardo-rodriguez-nuevo-delegado-de-naturgy-en-galicia/ | https://www.ufd.es/quienes-somos/donde-estamos/,regional_corporate_and_distributor_public_info,matched_regional_default_ufd,Asignación regional orientativa: UFD declara servicio en 286 municipios gallegos y ofrece comprobación por mapa/CUPS. No es verificación municipal; no afirma exclusividad total.
O Pereiro de Aguiar,Ourense,"UFD Distribución Electricidad, S.A.",regional_default,UFD/Naturgy presencia regional Galicia,https://www.naturgy.com/notas-de-prensa/gerardo-rodriguez-nuevo-delegado-de-naturgy-en-galicia/ | https://www.ufd.es/quienes-somos/donde-estamos/,regional_corporate_and_distributor_public_info,matched_regional_default_ufd,Asignación regional orientativa: UFD declara servicio en 286 municipios gallegos y ofrece comprobación por mapa/CUPS. No es verificación municipal; no afirma exclusividad total.
Os Blancos,Ourense,"UFD Distribución Electricidad, S.A.",regional_default,UFD/Naturgy presencia regional Galicia,https://www.naturgy.com/notas-de-prensa/gerardo-rodriguez-nuevo-delegado-de-naturgy-en-galicia/ | https://www.ufd.es/quienes-somos/donde-estamos/,regional_corporate_and_distributor_public_info,matched_regional_default_ufd,Asignación regional orientativa: UFD declara servicio en 286 municipios gallegos y ofrece comprobación por mapa/CUPS. No es verificación municipal; no afirma exclusividad total.
Oímbra,Ourense,"UFD Distribución Electricidad, S.A.",regional_default,UFD/Naturgy presencia regional Galicia,https://www.naturgy.com/notas-de-prensa/gerardo-rodriguez-nuevo-delegado-de-naturgy-en-galicia/ | https://www.ufd.es/quienes-somos/donde-estamos/,regional_corporate_and_distributor_public_info,matched_regional_default_ufd,Asignación regional orientativa: UFD declara servicio en 286 municipios gallegos y ofrece comprobación por mapa/CUPS. No es verificación municipal; no afirma exclusividad total.
Parada de Sil,Ourense,"UFD Distribución Electricidad, S.A.",regional_default,UFD/Naturgy presencia regional Galicia,https://www.naturgy.com/notas-de-prensa/gerardo-rodriguez-nuevo-delegado-de-naturgy-en-galicia/ | https://www.ufd.es/quienes-somos/donde-estamos/,regional_corporate_and_distributor_public_info,matched_regional_default_ufd,Asignación regional orientativa: UFD declara servicio en 286 municipios gallegos y ofrece comprobación por mapa/CUPS. No es verificación municipal; no afirma exclusividad total.
Petín,Ourense,"UFD Distribución Electricidad, S.A.",regional_default,UFD/Naturgy presencia regional Galicia,https://www.naturgy.com/notas-de-prensa/gerardo-rodriguez-nuevo-delegado-de-naturgy-en-galicia/ | https://www.ufd.es/quienes-somos/donde-estamos/,regional_corporate_and_distributor_public_info,matched_regional_default_ufd,Asignación regional orientativa: UFD declara servicio en 286 municipios gallegos y ofrece comprobación por mapa/CUPS. No es verificación municipal; no afirma exclusividad total.
Piñor,Ourense,"UFD Distribución Electricidad, S.A.",regional_default,UFD/Naturgy presencia regional Galicia,https://www.naturgy.com/notas-de-prensa/gerardo-rodriguez-nuevo-delegado-de-naturgy-en-galicia/ | https://www.ufd.es/quienes-somos/donde-estamos/,regional_corporate_and_distributor_public_info,matched_regional_default_ufd,Asignación regional orientativa: UFD declara servicio en 286 municipios gallegos y ofrece comprobación por mapa/CUPS. No es verificación municipal; no afirma exclusividad total.
Porqueira,Ourense,"UFD Distribución Electricidad, S.A.",regional_default,UFD/Naturgy presencia regional Galicia,https://www.naturgy.com/notas-de-prensa/gerardo-rodriguez-nuevo-delegado-de-naturgy-en-galicia/ | https://www.ufd.es/quienes-somos/donde-estamos/,regional_corporate_and_distributor_public_info,matched_regional_default_ufd,Asignación regional orientativa: UFD declara servicio en 286 municipios gallegos y ofrece comprobación por mapa/CUPS. No es verificación municipal; no afirma exclusividad total.
Punxín,Ourense,"UFD Distribución Electricidad, S.A.",regional_default,UFD/Naturgy presencia regional Galicia,https://www.naturgy.com/notas-de-prensa/gerardo-rodriguez-nuevo-delegado-de-naturgy-en-galicia/ | https://www.ufd.es/quienes-somos/donde-estamos/,regional_corporate_and_distributor_public_info,matched_regional_default_ufd,Asignación regional orientativa: UFD declara servicio en 286 municipios gallegos y ofrece comprobación por mapa/CUPS. No es verificación municipal; no afirma exclusividad total.
Rairiz de Veiga,Ourense,"UFD Distribución Electricidad, S.A.",regional_default,UFD/Naturgy presencia regional Galicia,https://www.naturgy.com/notas-de-prensa/gerardo-rodriguez-nuevo-delegado-de-naturgy-en-galicia/ | https://www.ufd.es/quienes-somos/donde-estamos/,regional_corporate_and_distributor_public_info,matched_regional_default_ufd,Asignación regional orientativa: UFD declara servicio en 286 municipios gallegos y ofrece comprobación por mapa/CUPS. No es verificación municipal; no afirma exclusividad total.
Ramirás,Ourense,"UFD Distribución Electricidad, S.A.",regional_default,UFD/Naturgy presencia regional Galicia,https://www.naturgy.com/notas-de-prensa/gerardo-rodriguez-nuevo-delegado-de-naturgy-en-galicia/ | https://www.ufd.es/quienes-somos/donde-estamos/,regional_corporate_and_distributor_public_info,matched_regional_default_ufd,Asignación regional orientativa: UFD declara servicio en 286 municipios gallegos y ofrece comprobación por mapa/CUPS. No es verificación municipal; no afirma exclusividad total.
Riós,Ourense,"UFD Distribución Electricidad, S.A.",regional_default,UFD/Naturgy presencia regional Galicia,https://www.naturgy.com/notas-de-prensa/gerardo-rodriguez-nuevo-delegado-de-naturgy-en-galicia/ | https://www.ufd.es/quienes-somos/donde-estamos/,regional_corporate_and_distributor_public_info,matched_regional_default_ufd,Asignación regional orientativa: UFD declara servicio en 286 municipios gallegos y ofrece comprobación por mapa/CUPS. No es verificación municipal; no afirma exclusividad total.
Rubiá,Ourense,"UFD Distribución Electricidad, S.A.",regional_default,UFD/Naturgy presencia regional Galicia,https://www.naturgy.com/notas-de-prensa/gerardo-rodriguez-nuevo-delegado-de-naturgy-en-galicia/ | https://www.ufd.es/quienes-somos/donde-estamos/,regional_corporate_and_distributor_public_info,matched_regional_default_ufd,Asignación regional orientativa: UFD declara servicio en 286 municipios gallegos y ofrece comprobación por mapa/CUPS. No es verificación municipal; no afirma exclusividad total.
San Amaro,Ourense,"UFD Distribución Electricidad, S.A.",regional_default,UFD/Naturgy presencia regional Galicia,https://www.naturgy.com/notas-de-prensa/gerardo-rodriguez-nuevo-delegado-de-naturgy-en-galicia/ | https://www.ufd.es/quienes-somos/donde-estamos/,regional_corporate_and_distributor_public_info,matched_regional_default_ufd,Asignación regional orientativa: UFD declara servicio en 286 municipios gallegos y ofrece comprobación por mapa/CUPS. No es verificación municipal; no afirma exclusividad total.
San Cibrao das Viñas,Ourense,"UFD Distribución Electricidad, S.A.",regional_default,UFD/Naturgy presencia regional Galicia,https://www.naturgy.com/notas-de-prensa/gerardo-rodriguez-nuevo-delegado-de-naturgy-en-galicia/ | https://www.ufd.es/quienes-somos/donde-estamos/,regional_corporate_and_distributor_public_info,matched_regional_default_ufd,Asignación regional orientativa: UFD declara servicio en 286 municipios gallegos y ofrece comprobación por mapa/CUPS. No es verificación municipal; no afirma exclusividad total.
San Cristovo de Cea,Ourense,"UFD Distribución Electricidad, S.A.",regional_default,UFD/Naturgy presencia regional Galicia,https://www.naturgy.com/notas-de-prensa/gerardo-rodriguez-nuevo-delegado-de-naturgy-en-galicia/ | https://www.ufd.es/quienes-somos/donde-estamos/,regional_corporate_and_distributor_public_info,matched_regional_default_ufd,Asignación regional orientativa: UFD declara servicio en 286 municipios gallegos y ofrece comprobación por mapa/CUPS. No es verificación municipal; no afirma exclusividad total.
San Xoán de Río,Ourense,"UFD Distribución Electricidad, S.A.",regional_default,UFD/Naturgy presencia regional Galicia,https://www.naturgy.com/notas-de-prensa/gerardo-rodriguez-nuevo-delegado-de-naturgy-en-galicia/ | https://www.ufd.es/quienes-somos/donde-estamos/,regional_corporate_and_distributor_public_info,matched_regional_default_ufd,Asignación regional orientativa: UFD declara servicio en 286 municipios gallegos y ofrece comprobación por mapa/CUPS. No es verificación municipal; no afirma exclusividad total.
Sandiás,Ourense,"UFD Distribución Electricidad, S.A.",regional_default,UFD/Naturgy presencia regional Galicia,https://www.naturgy.com/notas-de-prensa/gerardo-rodriguez-nuevo-delegado-de-naturgy-en-galicia/ | https://www.ufd.es/quienes-somos/donde-estamos/,regional_corporate_and_distributor_public_info,matched_regional_default_ufd,Asignación regional orientativa: UFD declara servicio en 286 municipios gallegos y ofrece comprobación por mapa/CUPS. No es verificación municipal; no afirma exclusividad total.
Sarreaus,Ourense,"UFD Distribución Electricidad, S.A.",regional_default,UFD/Naturgy presencia regional Galicia,https://www.naturgy.com/notas-de-prensa/gerardo-rodriguez-nuevo-delegado-de-naturgy-en-galicia/ | https://www.ufd.es/quienes-somos/donde-estamos/,regional_corporate_and_distributor_public_info,matched_regional_default_ufd,Asignación regional orientativa: UFD declara servicio en 286 municipios gallegos y ofrece comprobación por mapa/CUPS. No es verificación municipal; no afirma exclusividad total.
Taboadela,Ourense,"UFD Distribución Electricidad, S.A.",regional_default,UFD/Naturgy presencia regional Galicia,https://www.naturgy.com/notas-de-prensa/gerardo-rodriguez-nuevo-delegado-de-naturgy-en-galicia/ | https://www.ufd.es/quienes-somos/donde-estamos/,regional_corporate_and_distributor_public_info,matched_regional_default_ufd,Asignación regional orientativa: UFD declara servicio en 286 municipios gallegos y ofrece comprobación por mapa/CUPS. No es verificación municipal; no afirma exclusividad total.
Toén,Ourense,"UFD Distribución Electricidad, S.A.",regional_default,UFD/Naturgy presencia regional Galicia,https://www.naturgy.com/notas-de-prensa/gerardo-rodriguez-nuevo-delegado-de-naturgy-en-galicia/ | https://www.ufd.es/quienes-somos/donde-estamos/,regional_corporate_and_distributor_public_info,matched_regional_default_ufd,Asignación regional orientativa: UFD declara servicio en 286 municipios gallegos y ofrece comprobación por mapa/CUPS. No es verificación municipal; no afirma exclusividad total.
Trasmiras,Ourense,"UFD Distribución Electricidad, S.A.",regional_default,UFD/Naturgy presencia regional Galicia,https://www.naturgy.com/notas-de-prensa/gerardo-rodriguez-nuevo-delegado-de-naturgy-en-galicia/ | https://www.ufd.es/quienes-somos/donde-estamos/,regional_corporate_and_distributor_public_info,matched_regional_default_ufd,Asignación regional orientativa: UFD declara servicio en 286 municipios gallegos y ofrece comprobación por mapa/CUPS. No es verificación municipal; no afirma exclusividad total.
Verín,Ourense,"UFD Distribución Electricidad, S.A.",regional_default,UFD/Naturgy presencia regional Galicia,https://www.naturgy.com/notas-de-prensa/gerardo-rodriguez-nuevo-delegado-de-naturgy-en-galicia/ | https://www.ufd.es/quienes-somos/donde-estamos/,regional_corporate_and_distributor_public_info,matched_regional_default_ufd,Asignación regional orientativa: UFD declara servicio en 286 municipios gallegos y ofrece comprobación por mapa/CUPS. No es verificación municipal; no afirma exclusividad total.
Viana do Bolo,Ourense,"UFD Distribución Electricidad, S.A.",regional_default,UFD/Naturgy presencia regional Galicia,https://www.naturgy.com/notas-de-prensa/gerardo-rodriguez-nuevo-delegado-de-naturgy-en-galicia/ | https://www.ufd.es/quienes-somos/donde-estamos/,regional_corporate_and_distributor_public_info,matched_regional_default_ufd,Asignación regional orientativa: UFD declara servicio en 286 municipios gallegos y ofrece comprobación por mapa/CUPS. No es verificación municipal; no afirma exclusividad total.
Vilamartín de Valdeorras,Ourense,"UFD Distribución Electricidad, S.A.",regional_default,UFD/Naturgy presencia regional Galicia,https://www.naturgy.com/notas-de-prensa/gerardo-rodriguez-nuevo-delegado-de-naturgy-en-galicia/ | https://www.ufd.es/quienes-somos/donde-estamos/,regional_corporate_and_distributor_public_info,matched_regional_default_ufd,Asignación regional orientativa: UFD declara servicio en 286 municipios gallegos y ofrece comprobación por mapa/CUPS. No es verificación municipal; no afirma exclusividad total.
Vilar de Barrio,Ourense,"UFD Distribución Electricidad, S.A.",regional_default,UFD/Naturgy presencia regional Galicia,https://www.naturgy.com/notas-de-prensa/gerardo-rodriguez-nuevo-delegado-de-naturgy-en-galicia/ | https://www.ufd.es/quienes-somos/donde-estamos/,regional_corporate_and_distributor_public_info,matched_regional_default_ufd,Asignación regional orientativa: UFD declara servicio en 286 municipios gallegos y ofrece comprobación por mapa/CUPS. No es verificación municipal; no afirma exclusividad total.
Vilar de Santos,Ourense,"UFD Distribución Electricidad, S.A.",regional_default,UFD/Naturgy presencia regional Galicia,https://www.naturgy.com/notas-de-prensa/gerardo-rodriguez-nuevo-delegado-de-naturgy-en-galicia/ | https://www.ufd.es/quienes-somos/donde-estamos/,regional_corporate_and_distributor_public_info,matched_regional_default_ufd,Asignación regional orientativa: UFD declara servicio en 286 municipios gallegos y ofrece comprobación por mapa/CUPS. No es verificación municipal; no afirma exclusividad total.
Vilardevós,Ourense,"UFD Distribución Electricidad, S.A.",regional_default,UFD/Naturgy presencia regional Galicia,https://www.naturgy.com/notas-de-prensa/gerardo-rodriguez-nuevo-delegado-de-naturgy-en-galicia/ | https://www.ufd.es/quienes-somos/donde-estamos/,regional_corporate_and_distributor_public_info,matched_regional_default_ufd,Asignación regional orientativa: UFD declara servicio en 286 municipios gallegos y ofrece comprobación por mapa/CUPS. No es verificación municipal; no afirma exclusividad total.
Vilariño de Conso,Ourense,"UFD Distribución Electricidad, S.A.",regional_default,UFD/Naturgy presencia regional Galicia,https://www.naturgy.com/notas-de-prensa/gerardo-rodriguez-nuevo-delegado-de-naturgy-en-galicia/ | https://www.ufd.es/quienes-somos/donde-estamos/,regional_corporate_and_distributor_public_info,matched_regional_default_ufd,Asignación regional orientativa: UFD declara servicio en 286 municipios gallegos y ofrece comprobación por mapa/CUPS. No es verificación municipal; no afirma exclusividad total.
Xinzo de Limia,Ourense,"UFD Distribución Electricidad, S.A.",regional_default,UFD/Naturgy presencia regional Galicia,https://www.naturgy.com/notas-de-prensa/gerardo-rodriguez-nuevo-delegado-de-naturgy-en-galicia/ | https://www.ufd.es/quienes-somos/donde-estamos/,regional_corporate_and_distributor_public_info,matched_regional_default_ufd,Asignación regional orientativa: UFD declara servicio en 286 municipios gallegos y ofrece comprobación por mapa/CUPS. No es verificación municipal; no afirma exclusividad total.
Xunqueira de Espadanedo,Ourense,"UFD Distribución Electricidad, S.A.",regional_default,UFD/Naturgy presencia regional Galicia,https://www.naturgy.com/notas-de-prensa/gerardo-rodriguez-nuevo-delegado-de-naturgy-en-galicia/ | https://www.ufd.es/quienes-somos/donde-estamos/,regional_corporate_and_distributor_public_info,matched_regional_default_ufd,Asignación regional orientativa: UFD declara servicio en 286 municipios gallegos y ofrece comprobación por mapa/CUPS. No es verificación municipal; no afirma exclusividad total.
Arbo,Pontevedra,"UFD Distribución Electricidad, S.A.",regional_default,UFD/Naturgy presencia regional Galicia,https://www.naturgy.com/notas-de-prensa/gerardo-rodriguez-nuevo-delegado-de-naturgy-en-galicia/ | https://www.ufd.es/quienes-somos/donde-estamos/,regional_corporate_and_distributor_public_info,matched_regional_default_ufd,Asignación regional orientativa: UFD declara servicio en 286 municipios gallegos y ofrece comprobación por mapa/CUPS. No es verificación municipal; no afirma exclusividad total.
As Neves,Pontevedra,"UFD Distribución Electricidad, S.A.",regional_default,UFD/Naturgy presencia regional Galicia,https://www.naturgy.com/notas-de-prensa/gerardo-rodriguez-nuevo-delegado-de-naturgy-en-galicia/ | https://www.ufd.es/quienes-somos/donde-estamos/,regional_corporate_and_distributor_public_info,matched_regional_default_ufd,Asignación regional orientativa: UFD declara servicio en 286 municipios gallegos y ofrece comprobación por mapa/CUPS. No es verificación municipal; no afirma exclusividad total.
Barro,Pontevedra,"UFD Distribución Electricidad, S.A.",regional_default,UFD/Naturgy presencia regional Galicia,https://www.naturgy.com/notas-de-prensa/gerardo-rodriguez-nuevo-delegado-de-naturgy-en-galicia/ | https://www.ufd.es/quienes-somos/donde-estamos/,regional_corporate_and_distributor_public_info,matched_regional_default_ufd,Asignación regional orientativa: UFD declara servicio en 286 municipios gallegos y ofrece comprobación por mapa/CUPS. No es verificación municipal; no afirma exclusividad total.
Campo Lameiro,Pontevedra,"UFD Distribución Electricidad, S.A.",regional_default,UFD/Naturgy presencia regional Galicia,https://www.naturgy.com/notas-de-prensa/gerardo-rodriguez-nuevo-delegado-de-naturgy-en-galicia/ | https://www.ufd.es/quienes-somos/donde-estamos/,regional_corporate_and_distributor_public_info,matched_regional_default_ufd,Asignación regional orientativa: UFD declara servicio en 286 municipios gallegos y ofrece comprobación por mapa/CUPS. No es verificación municipal; no afirma exclusividad total.
Covelo,Pontevedra,"UFD Distribución Electricidad, S.A.",regional_default,UFD/Naturgy presencia regional Galicia,https://www.naturgy.com/notas-de-prensa/gerardo-rodriguez-nuevo-delegado-de-naturgy-en-galicia/ | https://www.ufd.es/quienes-somos/donde-estamos/,regional_corporate_and_distributor_public_info,matched_regional_default_ufd,Asignación regional orientativa: UFD declara servicio en 286 municipios gallegos y ofrece comprobación por mapa/CUPS. No es verificación municipal; no afirma exclusividad total.
Crecente,Pontevedra,"UFD Distribución Electricidad, S.A.",regional_default,UFD/Naturgy presencia regional Galicia,https://www.naturgy.com/notas-de-prensa/gerardo-rodriguez-nuevo-delegado-de-naturgy-en-galicia/ | https://www.ufd.es/quienes-somos/donde-estamos/,regional_corporate_and_distributor_public_info,matched_regional_default_ufd,Asignación regional orientativa: UFD declara servicio en 286 municipios gallegos y ofrece comprobación por mapa/CUPS. No es verificación municipal; no afirma exclusividad total.
Dozón,Pontevedra,"UFD Distribución Electricidad, S.A.",regional_default,UFD/Naturgy presencia regional Galicia,https://www.naturgy.com/notas-de-prensa/gerardo-rodriguez-nuevo-delegado-de-naturgy-en-galicia/ | https://www.ufd.es/quienes-somos/donde-estamos/,regional_corporate_and_distributor_public_info,matched_regional_default_ufd,Asignación regional orientativa: UFD declara servicio en 286 municipios gallegos y ofrece comprobación por mapa/CUPS. No es verificación municipal; no afirma exclusividad total.
Forcarei,Pontevedra,"UFD Distribución Electricidad, S.A.",regional_default,UFD/Naturgy presencia regional Galicia,https://www.naturgy.com/notas-de-prensa/gerardo-rodriguez-nuevo-delegado-de-naturgy-en-galicia/ | https://www.ufd.es/quienes-somos/donde-estamos/,regional_corporate_and_distributor_public_info,matched_regional_default_ufd,Asignación regional orientativa: UFD declara servicio en 286 municipios gallegos y ofrece comprobación por mapa/CUPS. No es verificación municipal; no afirma exclusividad total.
Meaño,Pontevedra,"UFD Distribución Electricidad, S.A.",regional_default,UFD/Naturgy presencia regional Galicia,https://www.naturgy.com/notas-de-prensa/gerardo-rodriguez-nuevo-delegado-de-naturgy-en-galicia/ | https://www.ufd.es/quienes-somos/donde-estamos/,regional_corporate_and_distributor_public_info,matched_regional_default_ufd,Asignación regional orientativa: UFD declara servicio en 286 municipios gallegos y ofrece comprobación por mapa/CUPS. No es verificación municipal; no afirma exclusividad total.
Meis,Pontevedra,"UFD Distribución Electricidad, S.A.",regional_default,UFD/Naturgy presencia regional Galicia,https://www.naturgy.com/notas-de-prensa/gerardo-rodriguez-nuevo-delegado-de-naturgy-en-galicia/ | https://www.ufd.es/quienes-somos/donde-estamos/,regional_corporate_and_distributor_public_info,matched_regional_default_ufd,Asignación regional orientativa: UFD declara servicio en 286 municipios gallegos y ofrece comprobación por mapa/CUPS. No es verificación municipal; no afirma exclusividad total.
Mondariz-Balneario,Pontevedra,"UFD Distribución Electricidad, S.A.",regional_default,UFD/Naturgy presencia regional Galicia,https://www.naturgy.com/notas-de-prensa/gerardo-rodriguez-nuevo-delegado-de-naturgy-en-galicia/ | https://www.ufd.es/quienes-somos/donde-estamos/,regional_corporate_and_distributor_public_info,matched_regional_default_ufd,Asignación regional orientativa: UFD declara servicio en 286 municipios gallegos y ofrece comprobación por mapa/CUPS. No es verificación municipal; no afirma exclusividad total.
Moraña,Pontevedra,"UFD Distribución Electricidad, S.A.",regional_default,UFD/Naturgy presencia regional Galicia,https://www.naturgy.com/notas-de-prensa/gerardo-rodriguez-nuevo-delegado-de-naturgy-en-galicia/ | https://www.ufd.es/quienes-somos/donde-estamos/,regional_corporate_and_distributor_public_info,matched_regional_default_ufd,Asignación regional orientativa: UFD declara servicio en 286 municipios gallegos y ofrece comprobación por mapa/CUPS. No es verificación municipal; no afirma exclusividad total.
O Grove,Pontevedra,"UFD Distribución Electricidad, S.A.",regional_default,UFD/Naturgy presencia regional Galicia,https://www.naturgy.com/notas-de-prensa/gerardo-rodriguez-nuevo-delegado-de-naturgy-en-galicia/ | https://www.ufd.es/quienes-somos/donde-estamos/,regional_corporate_and_distributor_public_info,matched_regional_default_ufd,Asignación regional orientativa: UFD declara servicio en 286 municipios gallegos y ofrece comprobación por mapa/CUPS. No es verificación municipal; no afirma exclusividad total.
O Rosal,Pontevedra,"UFD Distribución Electricidad, S.A.",regional_default,UFD/Naturgy presencia regional Galicia,https://www.naturgy.com/notas-de-prensa/gerardo-rodriguez-nuevo-delegado-de-naturgy-en-galicia/ | https://www.ufd.es/quienes-somos/donde-estamos/,regional_corporate_and_distributor_public_info,matched_regional_default_ufd,Asignación regional orientativa: UFD declara servicio en 286 municipios gallegos y ofrece comprobación por mapa/CUPS. No es verificación municipal; no afirma exclusividad total.
Oia,Pontevedra,"UFD Distribución Electricidad, S.A.",regional_default,UFD/Naturgy presencia regional Galicia,https://www.naturgy.com/notas-de-prensa/gerardo-rodriguez-nuevo-delegado-de-naturgy-en-galicia/ | https://www.ufd.es/quienes-somos/donde-estamos/,regional_corporate_and_distributor_public_info,matched_regional_default_ufd,Asignación regional orientativa: UFD declara servicio en 286 municipios gallegos y ofrece comprobación por mapa/CUPS. No es verificación municipal; no afirma exclusividad total.
Pontecesures,Pontevedra,"UFD Distribución Electricidad, S.A.",regional_default,UFD/Naturgy presencia regional Galicia,https://www.naturgy.com/notas-de-prensa/gerardo-rodriguez-nuevo-delegado-de-naturgy-en-galicia/ | https://www.ufd.es/quienes-somos/donde-estamos/,regional_corporate_and_distributor_public_info,matched_regional_default_ufd,Asignación regional orientativa: UFD declara servicio en 286 municipios gallegos y ofrece comprobación por mapa/CUPS. No es verificación municipal; no afirma exclusividad total.
Portas,Pontevedra,"UFD Distribución Electricidad, S.A.",regional_default,UFD/Naturgy presencia regional Galicia,https://www.naturgy.com/notas-de-prensa/gerardo-rodriguez-nuevo-delegado-de-naturgy-en-galicia/ | https://www.ufd.es/quienes-somos/donde-estamos/,regional_corporate_and_distributor_public_info,matched_regional_default_ufd,Asignación regional orientativa: UFD declara servicio en 286 municipios gallegos y ofrece comprobación por mapa/CUPS. No es verificación municipal; no afirma exclusividad total.
Ribadumia,Pontevedra,"UFD Distribución Electricidad, S.A.",regional_default,UFD/Naturgy presencia regional Galicia,https://www.naturgy.com/notas-de-prensa/gerardo-rodriguez-nuevo-delegado-de-naturgy-en-galicia/ | https://www.ufd.es/quienes-somos/donde-estamos/,regional_corporate_and_distributor_public_info,matched_regional_default_ufd,Asignación regional orientativa: UFD declara servicio en 286 municipios gallegos y ofrece comprobación por mapa/CUPS. No es verificación municipal; no afirma exclusividad total.
Rodeiro,Pontevedra,"UFD Distribución Electricidad, S.A.",regional_default,UFD/Naturgy presencia regional Galicia,https://www.naturgy.com/notas-de-prensa/gerardo-rodriguez-nuevo-delegado-de-naturgy-en-galicia/ | https://www.ufd.es/quienes-somos/donde-estamos/,regional_corporate_and_distributor_public_info,matched_regional_default_ufd,Asignación regional orientativa: UFD declara servicio en 286 municipios gallegos y ofrece comprobación por mapa/CUPS. No es verificación municipal; no afirma exclusividad total.
A Fonsagrada,Lugo,"Barras Eléctricas Galaico-Asturianas, S.A. (BEGASA)",regional_default,BEGASA información pública distribuidora Lugo,https://www.begasa.es/home | https://www.begasa.es/mapa-interactivo-de-la-red | https://www.xunta.gal/dog/Publicados/2025/20250225/AnuncioG0763-110225-0001_es.html,regional_distributor_public_info_and_official_public_notice,matched_regional_default_begasa_lugo,Asignación regional orientativa para Lugo: BEGASA se presenta como distribuidora y dispone de mapa público de red/incidencias; DOG/Xunta confirma actuaciones de distribución de BEGASA en ayuntamientos lucenses. No es verificación municipal individual ni afirma exclusividad total.
A Pastoriza,Lugo,"Barras Eléctricas Galaico-Asturianas, S.A. (BEGASA)",regional_default,BEGASA información pública distribuidora Lugo,https://www.begasa.es/home | https://www.begasa.es/mapa-interactivo-de-la-red | https://www.xunta.gal/dog/Publicados/2025/20250225/AnuncioG0763-110225-0001_es.html,regional_distributor_public_info_and_official_public_notice,matched_regional_default_begasa_lugo,Asignación regional orientativa para Lugo: BEGASA se presenta como distribuidora y dispone de mapa público de red/incidencias; DOG/Xunta confirma actuaciones de distribución de BEGASA en ayuntamientos lucenses. No es verificación municipal individual ni afirma exclusividad total.
A Pobra do Brollón,Lugo,"Barras Eléctricas Galaico-Asturianas, S.A. (BEGASA)",regional_default,BEGASA información pública distribuidora Lugo,https://www.begasa.es/home | https://www.begasa.es/mapa-interactivo-de-la-red | https://www.xunta.gal/dog/Publicados/2025/20250225/AnuncioG0763-110225-0001_es.html,regional_distributor_public_info_and_official_public_notice,matched_regional_default_begasa_lugo,Asignación regional orientativa para Lugo: BEGASA se presenta como distribuidora y dispone de mapa público de red/incidencias; DOG/Xunta confirma actuaciones de distribución de BEGASA en ayuntamientos lucenses. No es verificación municipal individual ni afirma exclusividad total.
A Pontenova,Lugo,"Barras Eléctricas Galaico-Asturianas, S.A. (BEGASA)",regional_default,BEGASA información pública distribuidora Lugo,https://www.begasa.es/home | https://www.begasa.es/mapa-interactivo-de-la-red | https://www.xunta.gal/dog/Publicados/2025/20250225/AnuncioG0763-110225-0001_es.html,regional_distributor_public_info_and_official_public_notice,matched_regional_default_begasa_lugo,Asignación regional orientativa para Lugo: BEGASA se presenta como distribuidora y dispone de mapa público de red/incidencias; DOG/Xunta confirma actuaciones de distribución de BEGASA en ayuntamientos lucenses. No es verificación municipal individual ni afirma exclusividad total.
Abadín,Lugo,"Barras Eléctricas Galaico-Asturianas, S.A. (BEGASA)",regional_default,BEGASA información pública distribuidora Lugo,https://www.begasa.es/home | https://www.begasa.es/mapa-interactivo-de-la-red | https://www.xunta.gal/dog/Publicados/2025/20250225/AnuncioG0763-110225-0001_es.html,regional_distributor_public_info_and_official_public_notice,matched_regional_default_begasa_lugo,Asignación regional orientativa para Lugo: BEGASA se presenta como distribuidora y dispone de mapa público de red/incidencias; DOG/Xunta confirma actuaciones de distribución de BEGASA en ayuntamientos lucenses. No es verificación municipal individual ni afirma exclusividad total.
Alfoz,Lugo,"Barras Eléctricas Galaico-Asturianas, S.A. (BEGASA)",regional_default,BEGASA información pública distribuidora Lugo,https://www.begasa.es/home | https://www.begasa.es/mapa-interactivo-de-la-red | https://www.xunta.gal/dog/Publicados/2025/20250225/AnuncioG0763-110225-0001_es.html,regional_distributor_public_info_and_official_public_notice,matched_regional_default_begasa_lugo,Asignación regional orientativa para Lugo: BEGASA se presenta como distribuidora y dispone de mapa público de red/incidencias; DOG/Xunta confirma actuaciones de distribución de BEGASA en ayuntamientos lucenses. No es verificación municipal individual ni afirma exclusividad total.
Antas de Ulla,Lugo,"Barras Eléctricas Galaico-Asturianas, S.A. (BEGASA)",regional_default,BEGASA información pública distribuidora Lugo,https://www.begasa.es/home | https://www.begasa.es/mapa-interactivo-de-la-red | https://www.xunta.gal/dog/Publicados/2025/20250225/AnuncioG0763-110225-0001_es.html,regional_distributor_public_info_and_official_public_notice,matched_regional_default_begasa_lugo,Asignación regional orientativa para Lugo: BEGASA se presenta como distribuidora y dispone de mapa público de red/incidencias; DOG/Xunta confirma actuaciones de distribución de BEGASA en ayuntamientos lucenses. No es verificación municipal individual ni afirma exclusividad total.
As Nogais,Lugo,"Barras Eléctricas Galaico-Asturianas, S.A. (BEGASA)",regional_default,BEGASA información pública distribuidora Lugo,https://www.begasa.es/home | https://www.begasa.es/mapa-interactivo-de-la-red | https://www.xunta.gal/dog/Publicados/2025/20250225/AnuncioG0763-110225-0001_es.html,regional_distributor_public_info_and_official_public_notice,matched_regional_default_begasa_lugo,Asignación regional orientativa para Lugo: BEGASA se presenta como distribuidora y dispone de mapa público de red/incidencias; DOG/Xunta confirma actuaciones de distribución de BEGASA en ayuntamientos lucenses. No es verificación municipal individual ni afirma exclusividad total.
Baleira,Lugo,"Barras Eléctricas Galaico-Asturianas, S.A. (BEGASA)",regional_default,BEGASA información pública distribuidora Lugo,https://www.begasa.es/home | https://www.begasa.es/mapa-interactivo-de-la-red | https://www.xunta.gal/dog/Publicados/2025/20250225/AnuncioG0763-110225-0001_es.html,regional_distributor_public_info_and_official_public_notice,matched_regional_default_begasa_lugo,Asignación regional orientativa para Lugo: BEGASA se presenta como distribuidora y dispone de mapa público de red/incidencias; DOG/Xunta confirma actuaciones de distribución de BEGASA en ayuntamientos lucenses. No es verificación municipal individual ni afirma exclusividad total.
Baralla,Lugo,"Barras Eléctricas Galaico-Asturianas, S.A. (BEGASA)",regional_default,BEGASA información pública distribuidora Lugo,https://www.begasa.es/home | https://www.begasa.es/mapa-interactivo-de-la-red | https://www.xunta.gal/dog/Publicados/2025/20250225/AnuncioG0763-110225-0001_es.html,regional_distributor_public_info_and_official_public_notice,matched_regional_default_begasa_lugo,Asignación regional orientativa para Lugo: BEGASA se presenta como distribuidora y dispone de mapa público de red/incidencias; DOG/Xunta confirma actuaciones de distribución de BEGASA en ayuntamientos lucenses. No es verificación municipal individual ni afirma exclusividad total.
Barreiros,Lugo,"Barras Eléctricas Galaico-Asturianas, S.A. (BEGASA)",regional_default,BEGASA información pública distribuidora Lugo,https://www.begasa.es/home | https://www.begasa.es/mapa-interactivo-de-la-red | https://www.xunta.gal/dog/Publicados/2025/20250225/AnuncioG0763-110225-0001_es.html,regional_distributor_public_info_and_official_public_notice,matched_regional_default_begasa_lugo,Asignación regional orientativa para Lugo: BEGASA se presenta como distribuidora y dispone de mapa público de red/incidencias; DOG/Xunta confirma actuaciones de distribución de BEGASA en ayuntamientos lucenses. No es verificación municipal individual ni afirma exclusividad total.
Becerreá,Lugo,"Barras Eléctricas Galaico-Asturianas, S.A. (BEGASA)",regional_default,BEGASA información pública distribuidora Lugo,https://www.begasa.es/home | https://www.begasa.es/mapa-interactivo-de-la-red | https://www.xunta.gal/dog/Publicados/2025/20250225/AnuncioG0763-110225-0001_es.html,regional_distributor_public_info_and_official_public_notice,matched_regional_default_begasa_lugo,Asignación regional orientativa para Lugo: BEGASA se presenta como distribuidora y dispone de mapa público de red/incidencias; DOG/Xunta confirma actuaciones de distribución de BEGASA en ayuntamientos lucenses. No es verificación municipal individual ni afirma exclusividad total.
Begonte,Lugo,"Barras Eléctricas Galaico-Asturianas, S.A. (BEGASA)",regional_default,BEGASA información pública distribuidora Lugo,https://www.begasa.es/home | https://www.begasa.es/mapa-interactivo-de-la-red | https://www.xunta.gal/dog/Publicados/2025/20250225/AnuncioG0763-110225-0001_es.html,regional_distributor_public_info_and_official_public_notice,matched_regional_default_begasa_lugo,Asignación regional orientativa para Lugo: BEGASA se presenta como distribuidora y dispone de mapa público de red/incidencias; DOG/Xunta confirma actuaciones de distribución de BEGASA en ayuntamientos lucenses. No es verificación municipal individual ni afirma exclusividad total.
Burela,Lugo,"Barras Eléctricas Galaico-Asturianas, S.A. (BEGASA)",regional_default,BEGASA información pública distribuidora Lugo,https://www.begasa.es/home | https://www.begasa.es/mapa-interactivo-de-la-red | https://www.xunta.gal/dog/Publicados/2025/20250225/AnuncioG0763-110225-0001_es.html,regional_distributor_public_info_and_official_public_notice,matched_regional_default_begasa_lugo,Asignación regional orientativa para Lugo: BEGASA se presenta como distribuidora y dispone de mapa público de red/incidencias; DOG/Xunta confirma actuaciones de distribución de BEGASA en ayuntamientos lucenses. No es verificación municipal individual ni afirma exclusividad total.
Bóveda,Lugo,"Barras Eléctricas Galaico-Asturianas, S.A. (BEGASA)",regional_default,BEGASA información pública distribuidora Lugo,https://www.begasa.es/home | https://www.begasa.es/mapa-interactivo-de-la-red | https://www.xunta.gal/dog/Publicados/2025/20250225/AnuncioG0763-110225-0001_es.html,regional_distributor_public_info_and_official_public_notice,matched_regional_default_begasa_lugo,Asignación regional orientativa para Lugo: BEGASA se presenta como distribuidora y dispone de mapa público de red/incidencias; DOG/Xunta confirma actuaciones de distribución de BEGASA en ayuntamientos lucenses. No es verificación municipal individual ni afirma exclusividad total.
Castro de Rei,Lugo,"Barras Eléctricas Galaico-Asturianas, S.A. (BEGASA)",regional_default,BEGASA información pública distribuidora Lugo,https://www.begasa.es/home | https://www.begasa.es/mapa-interactivo-de-la-red | https://www.xunta.gal/dog/Publicados/2025/20250225/AnuncioG0763-110225-0001_es.html,regional_distributor_public_info_and_official_public_notice,matched_regional_default_begasa_lugo,Asignación regional orientativa para Lugo: BEGASA se presenta como distribuidora y dispone de mapa público de red/incidencias; DOG/Xunta confirma actuaciones de distribución de BEGASA en ayuntamientos lucenses. No es verificación municipal individual ni afirma exclusividad total.
Castroverde,Lugo,"Barras Eléctricas Galaico-Asturianas, S.A. (BEGASA)",regional_default,BEGASA información pública distribuidora Lugo,https://www.begasa.es/home | https://www.begasa.es/mapa-interactivo-de-la-red | https://www.xunta.gal/dog/Publicados/2025/20250225/AnuncioG0763-110225-0001_es.html,regional_distributor_public_info_and_official_public_notice,matched_regional_default_begasa_lugo,Asignación regional orientativa para Lugo: BEGASA se presenta como distribuidora y dispone de mapa público de red/incidencias; DOG/Xunta confirma actuaciones de distribución de BEGASA en ayuntamientos lucenses. No es verificación municipal individual ni afirma exclusividad total.
Cervantes,Lugo,"Barras Eléctricas Galaico-Asturianas, S.A. (BEGASA)",regional_default,BEGASA información pública distribuidora Lugo,https://www.begasa.es/home | https://www.begasa.es/mapa-interactivo-de-la-red | https://www.xunta.gal/dog/Publicados/2025/20250225/AnuncioG0763-110225-0001_es.html,regional_distributor_public_info_and_official_public_notice,matched_regional_default_begasa_lugo,Asignación regional orientativa para Lugo: BEGASA se presenta como distribuidora y dispone de mapa público de red/incidencias; DOG/Xunta confirma actuaciones de distribución de BEGASA en ayuntamientos lucenses. No es verificación municipal individual ni afirma exclusividad total.
Cervo,Lugo,"Barras Eléctricas Galaico-Asturianas, S.A. (BEGASA)",regional_default,BEGASA información pública distribuidora Lugo,https://www.begasa.es/home | https://www.begasa.es/mapa-interactivo-de-la-red | https://www.xunta.gal/dog/Publicados/2025/20250225/AnuncioG0763-110225-0001_es.html,regional_distributor_public_info_and_official_public_notice,matched_regional_default_begasa_lugo,Asignación regional orientativa para Lugo: BEGASA se presenta como distribuidora y dispone de mapa público de red/incidencias; DOG/Xunta confirma actuaciones de distribución de BEGASA en ayuntamientos lucenses. No es verificación municipal individual ni afirma exclusividad total.
Chantada,Lugo,"Barras Eléctricas Galaico-Asturianas, S.A. (BEGASA)",regional_default,BEGASA información pública distribuidora Lugo,https://www.begasa.es/home | https://www.begasa.es/mapa-interactivo-de-la-red | https://www.xunta.gal/dog/Publicados/2025/20250225/AnuncioG0763-110225-0001_es.html,regional_distributor_public_info_and_official_public_notice,matched_regional_default_begasa_lugo,Asignación regional orientativa para Lugo: BEGASA se presenta como distribuidora y dispone de mapa público de red/incidencias; DOG/Xunta confirma actuaciones de distribución de BEGASA en ayuntamientos lucenses. No es verificación municipal individual ni afirma exclusividad total.
Cospeito,Lugo,"Barras Eléctricas Galaico-Asturianas, S.A. (BEGASA)",regional_default,BEGASA información pública distribuidora Lugo,https://www.begasa.es/home | https://www.begasa.es/mapa-interactivo-de-la-red | https://www.xunta.gal/dog/Publicados/2025/20250225/AnuncioG0763-110225-0001_es.html,regional_distributor_public_info_and_official_public_notice,matched_regional_default_begasa_lugo,Asignación regional orientativa para Lugo: BEGASA se presenta como distribuidora y dispone de mapa público de red/incidencias; DOG/Xunta confirma actuaciones de distribución de BEGASA en ayuntamientos lucenses. No es verificación municipal individual ni afirma exclusividad total.
Folgoso do Courel,Lugo,"Barras Eléctricas Galaico-Asturianas, S.A. (BEGASA)",regional_default,BEGASA información pública distribuidora Lugo,https://www.begasa.es/home | https://www.begasa.es/mapa-interactivo-de-la-red | https://www.xunta.gal/dog/Publicados/2025/20250225/AnuncioG0763-110225-0001_es.html,regional_distributor_public_info_and_official_public_notice,matched_regional_default_begasa_lugo,Asignación regional orientativa para Lugo: BEGASA se presenta como distribuidora y dispone de mapa público de red/incidencias; DOG/Xunta confirma actuaciones de distribución de BEGASA en ayuntamientos lucenses. No es verificación municipal individual ni afirma exclusividad total.
Foz,Lugo,"Barras Eléctricas Galaico-Asturianas, S.A. (BEGASA)",regional_default,BEGASA información pública distribuidora Lugo,https://www.begasa.es/home | https://www.begasa.es/mapa-interactivo-de-la-red | https://www.xunta.gal/dog/Publicados/2025/20250225/AnuncioG0763-110225-0001_es.html,regional_distributor_public_info_and_official_public_notice,matched_regional_default_begasa_lugo,Asignación regional orientativa para Lugo: BEGASA se presenta como distribuidora y dispone de mapa público de red/incidencias; DOG/Xunta confirma actuaciones de distribución de BEGASA en ayuntamientos lucenses. No es verificación municipal individual ni afirma exclusividad total.
Friol,Lugo,"Barras Eléctricas Galaico-Asturianas, S.A. (BEGASA)",regional_default,BEGASA información pública distribuidora Lugo,https://www.begasa.es/home | https://www.begasa.es/mapa-interactivo-de-la-red | https://www.xunta.gal/dog/Publicados/2025/20250225/AnuncioG0763-110225-0001_es.html,regional_distributor_public_info_and_official_public_notice,matched_regional_default_begasa_lugo,Asignación regional orientativa para Lugo: BEGASA se presenta como distribuidora y dispone de mapa público de red/incidencias; DOG/Xunta confirma actuaciones de distribución de BEGASA en ayuntamientos lucenses. No es verificación municipal individual ni afirma exclusividad total.
Guitiriz,Lugo,"Barras Eléctricas Galaico-Asturianas, S.A. (BEGASA)",regional_default,BEGASA información pública distribuidora Lugo,https://www.begasa.es/home | https://www.begasa.es/mapa-interactivo-de-la-red | https://www.xunta.gal/dog/Publicados/2025/20250225/AnuncioG0763-110225-0001_es.html,regional_distributor_public_info_and_official_public_notice,matched_regional_default_begasa_lugo,Asignación regional orientativa para Lugo: BEGASA se presenta como distribuidora y dispone de mapa público de red/incidencias; DOG/Xunta confirma actuaciones de distribución de BEGASA en ayuntamientos lucenses. No es verificación municipal individual ni afirma exclusividad total.
Guntín,Lugo,"Barras Eléctricas Galaico-Asturianas, S.A. (BEGASA)",regional_default,BEGASA información pública distribuidora Lugo,https://www.begasa.es/home | https://www.begasa.es/mapa-interactivo-de-la-red | https://www.xunta.gal/dog/Publicados/2025/20250225/AnuncioG0763-110225-0001_es.html,regional_distributor_public_info_and_official_public_notice,matched_regional_default_begasa_lugo,Asignación regional orientativa para Lugo: BEGASA se presenta como distribuidora y dispone de mapa público de red/incidencias; DOG/Xunta confirma actuaciones de distribución de BEGASA en ayuntamientos lucenses. No es verificación municipal individual ni afirma exclusividad total.
Lourenzá,Lugo,"Barras Eléctricas Galaico-Asturianas, S.A. (BEGASA)",regional_default,BEGASA información pública distribuidora Lugo,https://www.begasa.es/home | https://www.begasa.es/mapa-interactivo-de-la-red | https://www.xunta.gal/dog/Publicados/2025/20250225/AnuncioG0763-110225-0001_es.html,regional_distributor_public_info_and_official_public_notice,matched_regional_default_begasa_lugo,Asignación regional orientativa para Lugo: BEGASA se presenta como distribuidora y dispone de mapa público de red/incidencias; DOG/Xunta confirma actuaciones de distribución de BEGASA en ayuntamientos lucenses. No es verificación municipal individual ni afirma exclusividad total.
Lugo,Lugo,"Barras Eléctricas Galaico-Asturianas, S.A. (BEGASA)",regional_default,BEGASA información pública distribuidora Lugo,https://www.begasa.es/home | https://www.begasa.es/mapa-interactivo-de-la-red | https://www.xunta.gal/dog/Publicados/2025/20250225/AnuncioG0763-110225-0001_es.html,regional_distributor_public_info_and_official_public_notice,matched_regional_default_begasa_lugo,Asignación regional orientativa para Lugo: BEGASA se presenta como distribuidora y dispone de mapa público de red/incidencias; DOG/Xunta confirma actuaciones de distribución de BEGASA en ayuntamientos lucenses. No es verificación municipal individual ni afirma exclusividad total.
Láncara,Lugo,"Barras Eléctricas Galaico-Asturianas, S.A. (BEGASA)",regional_default,BEGASA información pública distribuidora Lugo,https://www.begasa.es/home | https://www.begasa.es/mapa-interactivo-de-la-red | https://www.xunta.gal/dog/Publicados/2025/20250225/AnuncioG0763-110225-0001_es.html,regional_distributor_public_info_and_official_public_notice,matched_regional_default_begasa_lugo,Asignación regional orientativa para Lugo: BEGASA se presenta como distribuidora y dispone de mapa público de red/incidencias; DOG/Xunta confirma actuaciones de distribución de BEGASA en ayuntamientos lucenses. No es verificación municipal individual ni afirma exclusividad total.
Meira,Lugo,"Barras Eléctricas Galaico-Asturianas, S.A. (BEGASA)",regional_default,BEGASA información pública distribuidora Lugo,https://www.begasa.es/home | https://www.begasa.es/mapa-interactivo-de-la-red | https://www.xunta.gal/dog/Publicados/2025/20250225/AnuncioG0763-110225-0001_es.html,regional_distributor_public_info_and_official_public_notice,matched_regional_default_begasa_lugo,Asignación regional orientativa para Lugo: BEGASA se presenta como distribuidora y dispone de mapa público de red/incidencias; DOG/Xunta confirma actuaciones de distribución de BEGASA en ayuntamientos lucenses. No es verificación municipal individual ni afirma exclusividad total.
Mondoñedo,Lugo,"Barras Eléctricas Galaico-Asturianas, S.A. (BEGASA)",regional_default,BEGASA información pública distribuidora Lugo,https://www.begasa.es/home | https://www.begasa.es/mapa-interactivo-de-la-red | https://www.xunta.gal/dog/Publicados/2025/20250225/AnuncioG0763-110225-0001_es.html,regional_distributor_public_info_and_official_public_notice,matched_regional_default_begasa_lugo,Asignación regional orientativa para Lugo: BEGASA se presenta como distribuidora y dispone de mapa público de red/incidencias; DOG/Xunta confirma actuaciones de distribución de BEGASA en ayuntamientos lucenses. No es verificación municipal individual ni afirma exclusividad total.
Monforte de Lemos,Lugo,"Barras Eléctricas Galaico-Asturianas, S.A. (BEGASA)",regional_default,BEGASA información pública distribuidora Lugo,https://www.begasa.es/home | https://www.begasa.es/mapa-interactivo-de-la-red | https://www.xunta.gal/dog/Publicados/2025/20250225/AnuncioG0763-110225-0001_es.html,regional_distributor_public_info_and_official_public_notice,matched_regional_default_begasa_lugo,Asignación regional orientativa para Lugo: BEGASA se presenta como distribuidora y dispone de mapa público de red/incidencias; DOG/Xunta confirma actuaciones de distribución de BEGASA en ayuntamientos lucenses. No es verificación municipal individual ni afirma exclusividad total.
Monterroso,Lugo,"Barras Eléctricas Galaico-Asturianas, S.A. (BEGASA)",regional_default,BEGASA información pública distribuidora Lugo,https://www.begasa.es/home | https://www.begasa.es/mapa-interactivo-de-la-red | https://www.xunta.gal/dog/Publicados/2025/20250225/AnuncioG0763-110225-0001_es.html,regional_distributor_public_info_and_official_public_notice,matched_regional_default_begasa_lugo,Asignación regional orientativa para Lugo: BEGASA se presenta como distribuidora y dispone de mapa público de red/incidencias; DOG/Xunta confirma actuaciones de distribución de BEGASA en ayuntamientos lucenses. No es verificación municipal individual ni afirma exclusividad total.
Muras,Lugo,"Barras Eléctricas Galaico-Asturianas, S.A. (BEGASA)",regional_default,BEGASA información pública distribuidora Lugo,https://www.begasa.es/home | https://www.begasa.es/mapa-interactivo-de-la-red | https://www.xunta.gal/dog/Publicados/2025/20250225/AnuncioG0763-110225-0001_es.html,regional_distributor_public_info_and_official_public_notice,matched_regional_default_begasa_lugo,Asignación regional orientativa para Lugo: BEGASA se presenta como distribuidora y dispone de mapa público de red/incidencias; DOG/Xunta confirma actuaciones de distribución de BEGASA en ayuntamientos lucenses. No es verificación municipal individual ni afirma exclusividad total.
Navia de Suarna,Lugo,"Barras Eléctricas Galaico-Asturianas, S.A. (BEGASA)",regional_default,BEGASA información pública distribuidora Lugo,https://www.begasa.es/home | https://www.begasa.es/mapa-interactivo-de-la-red | https://www.xunta.gal/dog/Publicados/2025/20250225/AnuncioG0763-110225-0001_es.html,regional_distributor_public_info_and_official_public_notice,matched_regional_default_begasa_lugo,Asignación regional orientativa para Lugo: BEGASA se presenta como distribuidora y dispone de mapa público de red/incidencias; DOG/Xunta confirma actuaciones de distribución de BEGASA en ayuntamientos lucenses. No es verificación municipal individual ni afirma exclusividad total.
Negueira de Muñiz,Lugo,"Barras Eléctricas Galaico-Asturianas, S.A. (BEGASA)",regional_default,BEGASA información pública distribuidora Lugo,https://www.begasa.es/home | https://www.begasa.es/mapa-interactivo-de-la-red | https://www.xunta.gal/dog/Publicados/2025/20250225/AnuncioG0763-110225-0001_es.html,regional_distributor_public_info_and_official_public_notice,matched_regional_default_begasa_lugo,Asignación regional orientativa para Lugo: BEGASA se presenta como distribuidora y dispone de mapa público de red/incidencias; DOG/Xunta confirma actuaciones de distribución de BEGASA en ayuntamientos lucenses. No es verificación municipal individual ni afirma exclusividad total.
O Corgo,Lugo,"Barras Eléctricas Galaico-Asturianas, S.A. (BEGASA)",regional_default,BEGASA información pública distribuidora Lugo,https://www.begasa.es/home | https://www.begasa.es/mapa-interactivo-de-la-red | https://www.xunta.gal/dog/Publicados/2025/20250225/AnuncioG0763-110225-0001_es.html,regional_distributor_public_info_and_official_public_notice,matched_regional_default_begasa_lugo,Asignación regional orientativa para Lugo: BEGASA se presenta como distribuidora y dispone de mapa público de red/incidencias; DOG/Xunta confirma actuaciones de distribución de BEGASA en ayuntamientos lucenses. No es verificación municipal individual ni afirma exclusividad total.
O Incio,Lugo,"Barras Eléctricas Galaico-Asturianas, S.A. (BEGASA)",regional_default,BEGASA información pública distribuidora Lugo,https://www.begasa.es/home | https://www.begasa.es/mapa-interactivo-de-la-red | https://www.xunta.gal/dog/Publicados/2025/20250225/AnuncioG0763-110225-0001_es.html,regional_distributor_public_info_and_official_public_notice,matched_regional_default_begasa_lugo,Asignación regional orientativa para Lugo: BEGASA se presenta como distribuidora y dispone de mapa público de red/incidencias; DOG/Xunta confirma actuaciones de distribución de BEGASA en ayuntamientos lucenses. No es verificación municipal individual ni afirma exclusividad total.
O Páramo,Lugo,"Barras Eléctricas Galaico-Asturianas, S.A. (BEGASA)",regional_default,BEGASA información pública distribuidora Lugo,https://www.begasa.es/home | https://www.begasa.es/mapa-interactivo-de-la-red | https://www.xunta.gal/dog/Publicados/2025/20250225/AnuncioG0763-110225-0001_es.html,regional_distributor_public_info_and_official_public_notice,matched_regional_default_begasa_lugo,Asignación regional orientativa para Lugo: BEGASA se presenta como distribuidora y dispone de mapa público de red/incidencias; DOG/Xunta confirma actuaciones de distribución de BEGASA en ayuntamientos lucenses. No es verificación municipal individual ni afirma exclusividad total.
O Saviñao,Lugo,"Barras Eléctricas Galaico-Asturianas, S.A. (BEGASA)",regional_default,BEGASA información pública distribuidora Lugo,https://www.begasa.es/home | https://www.begasa.es/mapa-interactivo-de-la-red | https://www.xunta.gal/dog/Publicados/2025/20250225/AnuncioG0763-110225-0001_es.html,regional_distributor_public_info_and_official_public_notice,matched_regional_default_begasa_lugo,Asignación regional orientativa para Lugo: BEGASA se presenta como distribuidora y dispone de mapa público de red/incidencias; DOG/Xunta confirma actuaciones de distribución de BEGASA en ayuntamientos lucenses. No es verificación municipal individual ni afirma exclusividad total.
O Valadouro,Lugo,"Barras Eléctricas Galaico-Asturianas, S.A. (BEGASA)",regional_default,BEGASA información pública distribuidora Lugo,https://www.begasa.es/home | https://www.begasa.es/mapa-interactivo-de-la-red | https://www.xunta.gal/dog/Publicados/2025/20250225/AnuncioG0763-110225-0001_es.html,regional_distributor_public_info_and_official_public_notice,matched_regional_default_begasa_lugo,Asignación regional orientativa para Lugo: BEGASA se presenta como distribuidora y dispone de mapa público de red/incidencias; DOG/Xunta confirma actuaciones de distribución de BEGASA en ayuntamientos lucenses. No es verificación municipal individual ni afirma exclusividad total.
O Vicedo,Lugo,"Barras Eléctricas Galaico-Asturianas, S.A. (BEGASA)",regional_default,BEGASA información pública distribuidora Lugo,https://www.begasa.es/home | https://www.begasa.es/mapa-interactivo-de-la-red | https://www.xunta.gal/dog/Publicados/2025/20250225/AnuncioG0763-110225-0001_es.html,regional_distributor_public_info_and_official_public_notice,matched_regional_default_begasa_lugo,Asignación regional orientativa para Lugo: BEGASA se presenta como distribuidora y dispone de mapa público de red/incidencias; DOG/Xunta confirma actuaciones de distribución de BEGASA en ayuntamientos lucenses. No es verificación municipal individual ni afirma exclusividad total.
Ourol,Lugo,"Barras Eléctricas Galaico-Asturianas, S.A. (BEGASA)",regional_default,BEGASA información pública distribuidora Lugo,https://www.begasa.es/home | https://www.begasa.es/mapa-interactivo-de-la-red | https://www.xunta.gal/dog/Publicados/2025/20250225/AnuncioG0763-110225-0001_es.html,regional_distributor_public_info_and_official_public_notice,matched_regional_default_begasa_lugo,Asignación regional orientativa para Lugo: BEGASA se presenta como distribuidora y dispone de mapa público de red/incidencias; DOG/Xunta confirma actuaciones de distribución de BEGASA en ayuntamientos lucenses. No es verificación municipal individual ni afirma exclusividad total.
Outeiro de Rei,Lugo,"Barras Eléctricas Galaico-Asturianas, S.A. (BEGASA)",regional_default,BEGASA información pública distribuidora Lugo,https://www.begasa.es/home | https://www.begasa.es/mapa-interactivo-de-la-red | https://www.xunta.gal/dog/Publicados/2025/20250225/AnuncioG0763-110225-0001_es.html,regional_distributor_public_info_and_official_public_notice,matched_regional_default_begasa_lugo,Asignación regional orientativa para Lugo: BEGASA se presenta como distribuidora y dispone de mapa público de red/incidencias; DOG/Xunta confirma actuaciones de distribución de BEGASA en ayuntamientos lucenses. No es verificación municipal individual ni afirma exclusividad total.
Palas de Rei,Lugo,"Barras Eléctricas Galaico-Asturianas, S.A. (BEGASA)",regional_default,BEGASA información pública distribuidora Lugo,https://www.begasa.es/home | https://www.begasa.es/mapa-interactivo-de-la-red | https://www.xunta.gal/dog/Publicados/2025/20250225/AnuncioG0763-110225-0001_es.html,regional_distributor_public_info_and_official_public_notice,matched_regional_default_begasa_lugo,Asignación regional orientativa para Lugo: BEGASA se presenta como distribuidora y dispone de mapa público de red/incidencias; DOG/Xunta confirma actuaciones de distribución de BEGASA en ayuntamientos lucenses. No es verificación municipal individual ni afirma exclusividad total.
Pantón,Lugo,"Barras Eléctricas Galaico-Asturianas, S.A. (BEGASA)",regional_default,BEGASA información pública distribuidora Lugo,https://www.begasa.es/home | https://www.begasa.es/mapa-interactivo-de-la-red | https://www.xunta.gal/dog/Publicados/2025/20250225/AnuncioG0763-110225-0001_es.html,regional_distributor_public_info_and_official_public_notice,matched_regional_default_begasa_lugo,Asignación regional orientativa para Lugo: BEGASA se presenta como distribuidora y dispone de mapa público de red/incidencias; DOG/Xunta confirma actuaciones de distribución de BEGASA en ayuntamientos lucenses. No es verificación municipal individual ni afirma exclusividad total.
Paradela,Lugo,"Barras Eléctricas Galaico-Asturianas, S.A. (BEGASA)",regional_default,BEGASA información pública distribuidora Lugo,https://www.begasa.es/home | https://www.begasa.es/mapa-interactivo-de-la-red | https://www.xunta.gal/dog/Publicados/2025/20250225/AnuncioG0763-110225-0001_es.html,regional_distributor_public_info_and_official_public_notice,matched_regional_default_begasa_lugo,Asignación regional orientativa para Lugo: BEGASA se presenta como distribuidora y dispone de mapa público de red/incidencias; DOG/Xunta confirma actuaciones de distribución de BEGASA en ayuntamientos lucenses. No es verificación municipal individual ni afirma exclusividad total.
Pedrafita do Cebreiro,Lugo,"Barras Eléctricas Galaico-Asturianas, S.A. (BEGASA)",regional_default,BEGASA información pública distribuidora Lugo,https://www.begasa.es/home | https://www.begasa.es/mapa-interactivo-de-la-red | https://www.xunta.gal/dog/Publicados/2025/20250225/AnuncioG0763-110225-0001_es.html,regional_distributor_public_info_and_official_public_notice,matched_regional_default_begasa_lugo,Asignación regional orientativa para Lugo: BEGASA se presenta como distribuidora y dispone de mapa público de red/incidencias; DOG/Xunta confirma actuaciones de distribución de BEGASA en ayuntamientos lucenses. No es verificación municipal individual ni afirma exclusividad total.
Pol,Lugo,"Barras Eléctricas Galaico-Asturianas, S.A. (BEGASA)",regional_default,BEGASA información pública distribuidora Lugo,https://www.begasa.es/home | https://www.begasa.es/mapa-interactivo-de-la-red | https://www.xunta.gal/dog/Publicados/2025/20250225/AnuncioG0763-110225-0001_es.html,regional_distributor_public_info_and_official_public_notice,matched_regional_default_begasa_lugo,Asignación regional orientativa para Lugo: BEGASA se presenta como distribuidora y dispone de mapa público de red/incidencias; DOG/Xunta confirma actuaciones de distribución de BEGASA en ayuntamientos lucenses. No es verificación municipal individual ni afirma exclusividad total.
Portomarín,Lugo,"Barras Eléctricas Galaico-Asturianas, S.A. (BEGASA)",regional_default,BEGASA información pública distribuidora Lugo,https://www.begasa.es/home | https://www.begasa.es/mapa-interactivo-de-la-red | https://www.xunta.gal/dog/Publicados/2025/20250225/AnuncioG0763-110225-0001_es.html,regional_distributor_public_info_and_official_public_notice,matched_regional_default_begasa_lugo,Asignación regional orientativa para Lugo: BEGASA se presenta como distribuidora y dispone de mapa público de red/incidencias; DOG/Xunta confirma actuaciones de distribución de BEGASA en ayuntamientos lucenses. No es verificación municipal individual ni afirma exclusividad total.
Quiroga,Lugo,"Barras Eléctricas Galaico-Asturianas, S.A. (BEGASA)",regional_default,BEGASA información pública distribuidora Lugo,https://www.begasa.es/home | https://www.begasa.es/mapa-interactivo-de-la-red | https://www.xunta.gal/dog/Publicados/2025/20250225/AnuncioG0763-110225-0001_es.html,regional_distributor_public_info_and_official_public_notice,matched_regional_default_begasa_lugo,Asignación regional orientativa para Lugo: BEGASA se presenta como distribuidora y dispone de mapa público de red/incidencias; DOG/Xunta confirma actuaciones de distribución de BEGASA en ayuntamientos lucenses. No es verificación municipal individual ni afirma exclusividad total.
Ribadeo,Lugo,"Barras Eléctricas Galaico-Asturianas, S.A. (BEGASA)",regional_default,BEGASA información pública distribuidora Lugo,https://www.begasa.es/home | https://www.begasa.es/mapa-interactivo-de-la-red | https://www.xunta.gal/dog/Publicados/2025/20250225/AnuncioG0763-110225-0001_es.html,regional_distributor_public_info_and_official_public_notice,matched_regional_default_begasa_lugo,Asignación regional orientativa para Lugo: BEGASA se presenta como distribuidora y dispone de mapa público de red/incidencias; DOG/Xunta confirma actuaciones de distribución de BEGASA en ayuntamientos lucenses. No es verificación municipal individual ni afirma exclusividad total.
Ribas de Sil,Lugo,"Barras Eléctricas Galaico-Asturianas, S.A. (BEGASA)",regional_default,BEGASA información pública distribuidora Lugo,https://www.begasa.es/home | https://www.begasa.es/mapa-interactivo-de-la-red | https://www.xunta.gal/dog/Publicados/2025/20250225/AnuncioG0763-110225-0001_es.html,regional_distributor_public_info_and_official_public_notice,matched_regional_default_begasa_lugo,Asignación regional orientativa para Lugo: BEGASA se presenta como distribuidora y dispone de mapa público de red/incidencias; DOG/Xunta confirma actuaciones de distribución de BEGASA en ayuntamientos lucenses. No es verificación municipal individual ni afirma exclusividad total.
Ribeira de Piquín,Lugo,"Barras Eléctricas Galaico-Asturianas, S.A. (BEGASA)",regional_default,BEGASA información pública distribuidora Lugo,https://www.begasa.es/home | https://www.begasa.es/mapa-interactivo-de-la-red | https://www.xunta.gal/dog/Publicados/2025/20250225/AnuncioG0763-110225-0001_es.html,regional_distributor_public_info_and_official_public_notice,matched_regional_default_begasa_lugo,Asignación regional orientativa para Lugo: BEGASA se presenta como distribuidora y dispone de mapa público de red/incidencias; DOG/Xunta confirma actuaciones de distribución de BEGASA en ayuntamientos lucenses. No es verificación municipal individual ni afirma exclusividad total.
Riotorto,Lugo,"Barras Eléctricas Galaico-Asturianas, S.A. (BEGASA)",regional_default,BEGASA información pública distribuidora Lugo,https://www.begasa.es/home | https://www.begasa.es/mapa-interactivo-de-la-red | https://www.xunta.gal/dog/Publicados/2025/20250225/AnuncioG0763-110225-0001_es.html,regional_distributor_public_info_and_official_public_notice,matched_regional_default_begasa_lugo,Asignación regional orientativa para Lugo: BEGASA se presenta como distribuidora y dispone de mapa público de red/incidencias; DOG/Xunta confirma actuaciones de distribución de BEGASA en ayuntamientos lucenses. No es verificación municipal individual ni afirma exclusividad total.
Rábade,Lugo,"Barras Eléctricas Galaico-Asturianas, S.A. (BEGASA)",regional_default,BEGASA información pública distribuidora Lugo,https://www.begasa.es/home | https://www.begasa.es/mapa-interactivo-de-la-red | https://www.xunta.gal/dog/Publicados/2025/20250225/AnuncioG0763-110225-0001_es.html,regional_distributor_public_info_and_official_public_notice,matched_regional_default_begasa_lugo,Asignación regional orientativa para Lugo: BEGASA se presenta como distribuidora y dispone de mapa público de red/incidencias; DOG/Xunta confirma actuaciones de distribución de BEGASA en ayuntamientos lucenses. No es verificación municipal individual ni afirma exclusividad total.
Samos,Lugo,"Barras Eléctricas Galaico-Asturianas, S.A. (BEGASA)",regional_default,BEGASA información pública distribuidora Lugo,https://www.begasa.es/home | https://www.begasa.es/mapa-interactivo-de-la-red | https://www.xunta.gal/dog/Publicados/2025/20250225/AnuncioG0763-110225-0001_es.html,regional_distributor_public_info_and_official_public_notice,matched_regional_default_begasa_lugo,Asignación regional orientativa para Lugo: BEGASA se presenta como distribuidora y dispone de mapa público de red/incidencias; DOG/Xunta confirma actuaciones de distribución de BEGASA en ayuntamientos lucenses. No es verificación municipal individual ni afirma exclusividad total.
Sarria,Lugo,"Barras Eléctricas Galaico-Asturianas, S.A. (BEGASA)",regional_default,BEGASA información pública distribuidora Lugo,https://www.begasa.es/home | https://www.begasa.es/mapa-interactivo-de-la-red | https://www.xunta.gal/dog/Publicados/2025/20250225/AnuncioG0763-110225-0001_es.html,regional_distributor_public_info_and_official_public_notice,matched_regional_default_begasa_lugo,Asignación regional orientativa para Lugo: BEGASA se presenta como distribuidora y dispone de mapa público de red/incidencias; DOG/Xunta confirma actuaciones de distribución de BEGASA en ayuntamientos lucenses. No es verificación municipal individual ni afirma exclusividad total.
Sober,Lugo,"Barras Eléctricas Galaico-Asturianas, S.A. (BEGASA)",regional_default,BEGASA información pública distribuidora Lugo,https://www.begasa.es/home | https://www.begasa.es/mapa-interactivo-de-la-red | https://www.xunta.gal/dog/Publicados/2025/20250225/AnuncioG0763-110225-0001_es.html,regional_distributor_public_info_and_official_public_notice,matched_regional_default_begasa_lugo,Asignación regional orientativa para Lugo: BEGASA se presenta como distribuidora y dispone de mapa público de red/incidencias; DOG/Xunta confirma actuaciones de distribución de BEGASA en ayuntamientos lucenses. No es verificación municipal individual ni afirma exclusividad total.
Taboada,Lugo,"Barras Eléctricas Galaico-Asturianas, S.A. (BEGASA)",regional_default,BEGASA información pública distribuidora Lugo,https://www.begasa.es/home | https://www.begasa.es/mapa-interactivo-de-la-red | https://www.xunta.gal/dog/Publicados/2025/20250225/AnuncioG0763-110225-0001_es.html,regional_distributor_public_info_and_official_public_notice,matched_regional_default_begasa_lugo,Asignación regional orientativa para Lugo: BEGASA se presenta como distribuidora y dispone de mapa público de red/incidencias; DOG/Xunta confirma actuaciones de distribución de BEGASA en ayuntamientos lucenses. No es verificación municipal individual ni afirma exclusividad total.
Trabada,Lugo,"Barras Eléctricas Galaico-Asturianas, S.A. (BEGASA)",regional_default,BEGASA información pública distribuidora Lugo,https://www.begasa.es/home | https://www.begasa.es/mapa-interactivo-de-la-red | https://www.xunta.gal/dog/Publicados/2025/20250225/AnuncioG0763-110225-0001_es.html,regional_distributor_public_info_and_official_public_notice,matched_regional_default_begasa_lugo,Asignación regional orientativa para Lugo: BEGASA se presenta como distribuidora y dispone de mapa público de red/incidencias; DOG/Xunta confirma actuaciones de distribución de BEGASA en ayuntamientos lucenses. No es verificación municipal individual ni afirma exclusividad total.
Triacastela,Lugo,"Barras Eléctricas Galaico-Asturianas, S.A. (BEGASA)",regional_default,BEGASA información pública distribuidora Lugo,https://www.begasa.es/home | https://www.begasa.es/mapa-interactivo-de-la-red | https://www.xunta.gal/dog/Publicados/2025/20250225/AnuncioG0763-110225-0001_es.html,regional_distributor_public_info_and_official_public_notice,matched_regional_default_begasa_lugo,Asignación regional orientativa para Lugo: BEGASA se presenta como distribuidora y dispone de mapa público de red/incidencias; DOG/Xunta confirma actuaciones de distribución de BEGASA en ayuntamientos lucenses. No es verificación municipal individual ni afirma exclusividad total.
Vilalba,Lugo,"Barras Eléctricas Galaico-Asturianas, S.A. (BEGASA)",regional_default,BEGASA información pública distribuidora Lugo,https://www.begasa.es/home | https://www.begasa.es/mapa-interactivo-de-la-red | https://www.xunta.gal/dog/Publicados/2025/20250225/AnuncioG0763-110225-0001_es.html,regional_distributor_public_info_and_official_public_notice,matched_regional_default_begasa_lugo,Asignación regional orientativa para Lugo: BEGASA se presenta como distribuidora y dispone de mapa público de red/incidencias; DOG/Xunta confirma actuaciones de distribución de BEGASA en ayuntamientos lucenses. No es verificación municipal individual ni afirma exclusividad total.
Viveiro,Lugo,"Barras Eléctricas Galaico-Asturianas, S.A. (BEGASA)",regional_default,BEGASA información pública distribuidora Lugo,https://www.begasa.es/home | https://www.begasa.es/mapa-interactivo-de-la-red | https://www.xunta.gal/dog/Publicados/2025/20250225/AnuncioG0763-110225-0001_es.html,regional_distributor_public_info_and_official_public_notice,matched_regional_default_begasa_lugo,Asignación regional orientativa para Lugo: BEGASA se presenta como distribuidora y dispone de mapa público de red/incidencias; DOG/Xunta confirma actuaciones de distribución de BEGASA en ayuntamientos lucenses. No es verificación municipal individual ni afirma exclusividad total.
Xermade,Lugo,"Barras Eléctricas Galaico-Asturianas, S.A. (BEGASA)",regional_default,BEGASA información pública distribuidora Lugo,https://www.begasa.es/home | https://www.begasa.es/mapa-interactivo-de-la-red | https://www.xunta.gal/dog/Publicados/2025/20250225/AnuncioG0763-110225-0001_es.html,regional_distributor_public_info_and_official_public_notice,matched_regional_default_begasa_lugo,Asignación regional orientativa para Lugo: BEGASA se presenta como distribuidora y dispone de mapa público de red/incidencias; DOG/Xunta confirma actuaciones de distribución de BEGASA en ayuntamientos lucenses. No es verificación municipal individual ni afirma exclusividad total.
Xove,Lugo,"Barras Eléctricas Galaico-Asturianas, S.A. (BEGASA)",regional_default,BEGASA información pública distribuidora Lugo,https://www.begasa.es/home | https://www.begasa.es/mapa-interactivo-de-la-red | https://www.xunta.gal/dog/Publicados/2025/20250225/AnuncioG0763-110225-0001_es.html,regional_distributor_public_info_and_official_public_notice,matched_regional_default_begasa_lugo,Asignación regional orientativa para Lugo: BEGASA se presenta como distribuidora y dispone de mapa público de red/incidencias; DOG/Xunta confirma actuaciones de distribución de BEGASA en ayuntamientos lucenses. No es verificación municipal individual ni afirma exclusividad total.
