dataset_id,municipio,candidate_distributor,candidate_confidence,review_status,bulk_import_allowed,source_name,source_url,source_type,last_reviewed,notes
canarias,Adeje,"e-distribución Redes Digitales, S.L.U.",regional_default_candidate,safe_regional_default_candidate,review_first,e-distribución — distribución eléctrica,https://www.edistribucion.com/es/conocenos/instalaciones-distribucion-red/distribucion-electrica.html,official_distributor_public,2026-05-06,Candidata a regional_default por presencia pública amplia; requiere revisión visual/documental antes de producción.
canarias,Agaete,"e-distribución Redes Digitales, S.L.U.",regional_default_candidate,safe_regional_default_candidate,review_first,e-distribución — distribución eléctrica,https://www.edistribucion.com/es/conocenos/instalaciones-distribucion-red/distribucion-electrica.html,official_distributor_public,2026-05-06,Candidata a regional_default por presencia pública amplia; requiere revisión visual/documental antes de producción.
canarias,Agüimes,"e-distribución Redes Digitales, S.L.U.",regional_default_candidate,safe_regional_default_candidate,review_first,e-distribución — distribución eléctrica,https://www.edistribucion.com/es/conocenos/instalaciones-distribucion-red/distribucion-electrica.html,official_distributor_public,2026-05-06,Candidata a regional_default por presencia pública amplia; requiere revisión visual/documental antes de producción.
canarias,Agulo,"e-distribución Redes Digitales, S.L.U.",regional_default_candidate,safe_regional_default_candidate,review_first,e-distribución — distribución eléctrica,https://www.edistribucion.com/es/conocenos/instalaciones-distribucion-red/distribucion-electrica.html,official_distributor_public,2026-05-06,Candidata a regional_default por presencia pública amplia; requiere revisión visual/documental antes de producción.
canarias,Alajeró,"e-distribución Redes Digitales, S.L.U.",regional_default_candidate,safe_regional_default_candidate,review_first,e-distribución — distribución eléctrica,https://www.edistribucion.com/es/conocenos/instalaciones-distribucion-red/distribucion-electrica.html,official_distributor_public,2026-05-06,Candidata a regional_default por presencia pública amplia; requiere revisión visual/documental antes de producción.
canarias,Antigua,"e-distribución Redes Digitales, S.L.U.",regional_default_candidate,safe_regional_default_candidate,review_first,e-distribución — distribución eléctrica,https://www.edistribucion.com/es/conocenos/instalaciones-distribucion-red/distribucion-electrica.html,official_distributor_public,2026-05-06,Candidata a regional_default por presencia pública amplia; requiere revisión visual/documental antes de producción.
canarias,Arafo,"e-distribución Redes Digitales, S.L.U.",regional_default_candidate,safe_regional_default_candidate,review_first,e-distribución — distribución eléctrica,https://www.edistribucion.com/es/conocenos/instalaciones-distribucion-red/distribucion-electrica.html,official_distributor_public,2026-05-06,Candidata a regional_default por presencia pública amplia; requiere revisión visual/documental antes de producción.
canarias,Arico,"e-distribución Redes Digitales, S.L.U.",regional_default_candidate,safe_regional_default_candidate,review_first,e-distribución — distribución eléctrica,https://www.edistribucion.com/es/conocenos/instalaciones-distribucion-red/distribucion-electrica.html,official_distributor_public,2026-05-06,Candidata a regional_default por presencia pública amplia; requiere revisión visual/documental antes de producción.
canarias,Arona,"e-distribución Redes Digitales, S.L.U.",regional_default_candidate,safe_regional_default_candidate,review_first,e-distribución — distribución eléctrica,https://www.edistribucion.com/es/conocenos/instalaciones-distribucion-red/distribucion-electrica.html,official_distributor_public,2026-05-06,Candidata a regional_default por presencia pública amplia; requiere revisión visual/documental antes de producción.
canarias,Arrecife,"e-distribución Redes Digitales, S.L.U.",regional_default_candidate,safe_regional_default_candidate,review_first,e-distribución — distribución eléctrica,https://www.edistribucion.com/es/conocenos/instalaciones-distribucion-red/distribucion-electrica.html,official_distributor_public,2026-05-06,Candidata a regional_default por presencia pública amplia; requiere revisión visual/documental antes de producción.
canarias,Artenara,"e-distribución Redes Digitales, S.L.U.",regional_default_candidate,safe_regional_default_candidate,review_first,e-distribución — distribución eléctrica,https://www.edistribucion.com/es/conocenos/instalaciones-distribucion-red/distribucion-electrica.html,official_distributor_public,2026-05-06,Candidata a regional_default por presencia pública amplia; requiere revisión visual/documental antes de producción.
canarias,Arucas,"e-distribución Redes Digitales, S.L.U.",regional_default_candidate,safe_regional_default_candidate,review_first,e-distribución — distribución eléctrica,https://www.edistribucion.com/es/conocenos/instalaciones-distribucion-red/distribucion-electrica.html,official_distributor_public,2026-05-06,Candidata a regional_default por presencia pública amplia; requiere revisión visual/documental antes de producción.
canarias,Barlovento,"e-distribución Redes Digitales, S.L.U.",regional_default_candidate,safe_regional_default_candidate,review_first,e-distribución — distribución eléctrica,https://www.edistribucion.com/es/conocenos/instalaciones-distribucion-red/distribucion-electrica.html,official_distributor_public,2026-05-06,Candidata a regional_default por presencia pública amplia; requiere revisión visual/documental antes de producción.
canarias,Betancuria,"e-distribución Redes Digitales, S.L.U.",regional_default_candidate,safe_regional_default_candidate,review_first,e-distribución — distribución eléctrica,https://www.edistribucion.com/es/conocenos/instalaciones-distribucion-red/distribucion-electrica.html,official_distributor_public,2026-05-06,Candidata a regional_default por presencia pública amplia; requiere revisión visual/documental antes de producción.
canarias,Breña Alta,"e-distribución Redes Digitales, S.L.U.",regional_default_candidate,safe_regional_default_candidate,review_first,e-distribución — distribución eléctrica,https://www.edistribucion.com/es/conocenos/instalaciones-distribucion-red/distribucion-electrica.html,official_distributor_public,2026-05-06,Candidata a regional_default por presencia pública amplia; requiere revisión visual/documental antes de producción.
canarias,Breña Baja,"e-distribución Redes Digitales, S.L.U.",regional_default_candidate,safe_regional_default_candidate,review_first,e-distribución — distribución eléctrica,https://www.edistribucion.com/es/conocenos/instalaciones-distribucion-red/distribucion-electrica.html,official_distributor_public,2026-05-06,Candidata a regional_default por presencia pública amplia; requiere revisión visual/documental antes de producción.
canarias,Buenavista del Norte,"e-distribución Redes Digitales, S.L.U.",regional_default_candidate,safe_regional_default_candidate,review_first,e-distribución — distribución eléctrica,https://www.edistribucion.com/es/conocenos/instalaciones-distribucion-red/distribucion-electrica.html,official_distributor_public,2026-05-06,Candidata a regional_default por presencia pública amplia; requiere revisión visual/documental antes de producción.
canarias,Candelaria,"e-distribución Redes Digitales, S.L.U.",regional_default_candidate,safe_regional_default_candidate,review_first,e-distribución — distribución eléctrica,https://www.edistribucion.com/es/conocenos/instalaciones-distribucion-red/distribucion-electrica.html,official_distributor_public,2026-05-06,Candidata a regional_default por presencia pública amplia; requiere revisión visual/documental antes de producción.
canarias,El Paso,"e-distribución Redes Digitales, S.L.U.",regional_default_candidate,safe_regional_default_candidate,review_first,e-distribución — distribución eléctrica,https://www.edistribucion.com/es/conocenos/instalaciones-distribucion-red/distribucion-electrica.html,official_distributor_public,2026-05-06,Candidata a regional_default por presencia pública amplia; requiere revisión visual/documental antes de producción.
canarias,El Pinar de El Hierro,"e-distribución Redes Digitales, S.L.U.",regional_default_candidate,safe_regional_default_candidate,review_first,e-distribución — distribución eléctrica,https://www.edistribucion.com/es/conocenos/instalaciones-distribucion-red/distribucion-electrica.html,official_distributor_public,2026-05-06,Candidata a regional_default por presencia pública amplia; requiere revisión visual/documental antes de producción.
canarias,El Rosario,"e-distribución Redes Digitales, S.L.U.",regional_default_candidate,safe_regional_default_candidate,review_first,e-distribución — distribución eléctrica,https://www.edistribucion.com/es/conocenos/instalaciones-distribucion-red/distribucion-electrica.html,official_distributor_public,2026-05-06,Candidata a regional_default por presencia pública amplia; requiere revisión visual/documental antes de producción.
canarias,El Sauzal,"e-distribución Redes Digitales, S.L.U.",regional_default_candidate,safe_regional_default_candidate,review_first,e-distribución — distribución eléctrica,https://www.edistribucion.com/es/conocenos/instalaciones-distribucion-red/distribucion-electrica.html,official_distributor_public,2026-05-06,Candidata a regional_default por presencia pública amplia; requiere revisión visual/documental antes de producción.
canarias,El Tanque,"e-distribución Redes Digitales, S.L.U.",regional_default_candidate,safe_regional_default_candidate,review_first,e-distribución — distribución eléctrica,https://www.edistribucion.com/es/conocenos/instalaciones-distribucion-red/distribucion-electrica.html,official_distributor_public,2026-05-06,Candidata a regional_default por presencia pública amplia; requiere revisión visual/documental antes de producción.
canarias,Fasnia,"e-distribución Redes Digitales, S.L.U.",regional_default_candidate,safe_regional_default_candidate,review_first,e-distribución — distribución eléctrica,https://www.edistribucion.com/es/conocenos/instalaciones-distribucion-red/distribucion-electrica.html,official_distributor_public,2026-05-06,Candidata a regional_default por presencia pública amplia; requiere revisión visual/documental antes de producción.
canarias,Firgas,"e-distribución Redes Digitales, S.L.U.",regional_default_candidate,safe_regional_default_candidate,review_first,e-distribución — distribución eléctrica,https://www.edistribucion.com/es/conocenos/instalaciones-distribucion-red/distribucion-electrica.html,official_distributor_public,2026-05-06,Candidata a regional_default por presencia pública amplia; requiere revisión visual/documental antes de producción.
canarias,Frontera,"e-distribución Redes Digitales, S.L.U.",regional_default_candidate,safe_regional_default_candidate,review_first,e-distribución — distribución eléctrica,https://www.edistribucion.com/es/conocenos/instalaciones-distribucion-red/distribucion-electrica.html,official_distributor_public,2026-05-06,Candidata a regional_default por presencia pública amplia; requiere revisión visual/documental antes de producción.
canarias,Fuencaliente de la Palma,"e-distribución Redes Digitales, S.L.U.",regional_default_candidate,safe_regional_default_candidate,review_first,e-distribución — distribución eléctrica,https://www.edistribucion.com/es/conocenos/instalaciones-distribucion-red/distribucion-electrica.html,official_distributor_public,2026-05-06,Candidata a regional_default por presencia pública amplia; requiere revisión visual/documental antes de producción.
canarias,Gáldar,"e-distribución Redes Digitales, S.L.U.",regional_default_candidate,safe_regional_default_candidate,review_first,e-distribución — distribución eléctrica,https://www.edistribucion.com/es/conocenos/instalaciones-distribucion-red/distribucion-electrica.html,official_distributor_public,2026-05-06,Candidata a regional_default por presencia pública amplia; requiere revisión visual/documental antes de producción.
canarias,Garachico,"e-distribución Redes Digitales, S.L.U.",regional_default_candidate,safe_regional_default_candidate,review_first,e-distribución — distribución eléctrica,https://www.edistribucion.com/es/conocenos/instalaciones-distribucion-red/distribucion-electrica.html,official_distributor_public,2026-05-06,Candidata a regional_default por presencia pública amplia; requiere revisión visual/documental antes de producción.
canarias,Garafía,"e-distribución Redes Digitales, S.L.U.",regional_default_candidate,safe_regional_default_candidate,review_first,e-distribución — distribución eléctrica,https://www.edistribucion.com/es/conocenos/instalaciones-distribucion-red/distribucion-electrica.html,official_distributor_public,2026-05-06,Candidata a regional_default por presencia pública amplia; requiere revisión visual/documental antes de producción.
canarias,Granadilla de Abona,"e-distribución Redes Digitales, S.L.U.",regional_default_candidate,safe_regional_default_candidate,review_first,e-distribución — distribución eléctrica,https://www.edistribucion.com/es/conocenos/instalaciones-distribucion-red/distribucion-electrica.html,official_distributor_public,2026-05-06,Candidata a regional_default por presencia pública amplia; requiere revisión visual/documental antes de producción.
canarias,Guía de Isora,"e-distribución Redes Digitales, S.L.U.",regional_default_candidate,safe_regional_default_candidate,review_first,e-distribución — distribución eléctrica,https://www.edistribucion.com/es/conocenos/instalaciones-distribucion-red/distribucion-electrica.html,official_distributor_public,2026-05-06,Candidata a regional_default por presencia pública amplia; requiere revisión visual/documental antes de producción.
canarias,Güímar,"e-distribución Redes Digitales, S.L.U.",regional_default_candidate,safe_regional_default_candidate,review_first,e-distribución — distribución eléctrica,https://www.edistribucion.com/es/conocenos/instalaciones-distribucion-red/distribucion-electrica.html,official_distributor_public,2026-05-06,Candidata a regional_default por presencia pública amplia; requiere revisión visual/documental antes de producción.
canarias,Haría,"e-distribución Redes Digitales, S.L.U.",regional_default_candidate,safe_regional_default_candidate,review_first,e-distribución — distribución eléctrica,https://www.edistribucion.com/es/conocenos/instalaciones-distribucion-red/distribucion-electrica.html,official_distributor_public,2026-05-06,Candidata a regional_default por presencia pública amplia; requiere revisión visual/documental antes de producción.
canarias,Hermigua,"e-distribución Redes Digitales, S.L.U.",regional_default_candidate,safe_regional_default_candidate,review_first,e-distribución — distribución eléctrica,https://www.edistribucion.com/es/conocenos/instalaciones-distribucion-red/distribucion-electrica.html,official_distributor_public,2026-05-06,Candidata a regional_default por presencia pública amplia; requiere revisión visual/documental antes de producción.
canarias,Icod de los Vinos,"e-distribución Redes Digitales, S.L.U.",regional_default_candidate,safe_regional_default_candidate,review_first,e-distribución — distribución eléctrica,https://www.edistribucion.com/es/conocenos/instalaciones-distribucion-red/distribucion-electrica.html,official_distributor_public,2026-05-06,Candidata a regional_default por presencia pública amplia; requiere revisión visual/documental antes de producción.
canarias,Ingenio,"e-distribución Redes Digitales, S.L.U.",regional_default_candidate,safe_regional_default_candidate,review_first,e-distribución — distribución eléctrica,https://www.edistribucion.com/es/conocenos/instalaciones-distribucion-red/distribucion-electrica.html,official_distributor_public,2026-05-06,Candidata a regional_default por presencia pública amplia; requiere revisión visual/documental antes de producción.
canarias,La Aldea de San Nicolás,"e-distribución Redes Digitales, S.L.U.",regional_default_candidate,safe_regional_default_candidate,review_first,e-distribución — distribución eléctrica,https://www.edistribucion.com/es/conocenos/instalaciones-distribucion-red/distribucion-electrica.html,official_distributor_public,2026-05-06,Candidata a regional_default por presencia pública amplia; requiere revisión visual/documental antes de producción.
canarias,La Guancha,"e-distribución Redes Digitales, S.L.U.",regional_default_candidate,safe_regional_default_candidate,review_first,e-distribución — distribución eléctrica,https://www.edistribucion.com/es/conocenos/instalaciones-distribucion-red/distribucion-electrica.html,official_distributor_public,2026-05-06,Candidata a regional_default por presencia pública amplia; requiere revisión visual/documental antes de producción.
canarias,La Matanza de Acentejo,"e-distribución Redes Digitales, S.L.U.",regional_default_candidate,safe_regional_default_candidate,review_first,e-distribución — distribución eléctrica,https://www.edistribucion.com/es/conocenos/instalaciones-distribucion-red/distribucion-electrica.html,official_distributor_public,2026-05-06,Candidata a regional_default por presencia pública amplia; requiere revisión visual/documental antes de producción.
canarias,La Oliva,"e-distribución Redes Digitales, S.L.U.",regional_default_candidate,safe_regional_default_candidate,review_first,e-distribución — distribución eléctrica,https://www.edistribucion.com/es/conocenos/instalaciones-distribucion-red/distribucion-electrica.html,official_distributor_public,2026-05-06,Candidata a regional_default por presencia pública amplia; requiere revisión visual/documental antes de producción.
canarias,La Orotava,"e-distribución Redes Digitales, S.L.U.",regional_default_candidate,safe_regional_default_candidate,review_first,e-distribución — distribución eléctrica,https://www.edistribucion.com/es/conocenos/instalaciones-distribucion-red/distribucion-electrica.html,official_distributor_public,2026-05-06,Candidata a regional_default por presencia pública amplia; requiere revisión visual/documental antes de producción.
canarias,La Victoria de Acentejo,"e-distribución Redes Digitales, S.L.U.",regional_default_candidate,safe_regional_default_candidate,review_first,e-distribución — distribución eléctrica,https://www.edistribucion.com/es/conocenos/instalaciones-distribucion-red/distribucion-electrica.html,official_distributor_public,2026-05-06,Candidata a regional_default por presencia pública amplia; requiere revisión visual/documental antes de producción.
canarias,Las Palmas de Gran Canaria,"e-distribución Redes Digitales, S.L.U.",regional_default_candidate,safe_regional_default_candidate,review_first,e-distribución — distribución eléctrica,https://www.edistribucion.com/es/conocenos/instalaciones-distribucion-red/distribucion-electrica.html,official_distributor_public,2026-05-06,Candidata a regional_default por presencia pública amplia; requiere revisión visual/documental antes de producción.
canarias,Los Llanos de Aridane,"e-distribución Redes Digitales, S.L.U.",regional_default_candidate,safe_regional_default_candidate,review_first,e-distribución — distribución eléctrica,https://www.edistribucion.com/es/conocenos/instalaciones-distribucion-red/distribucion-electrica.html,official_distributor_public,2026-05-06,Candidata a regional_default por presencia pública amplia; requiere revisión visual/documental antes de producción.
canarias,Los Realejos,"e-distribución Redes Digitales, S.L.U.",regional_default_candidate,safe_regional_default_candidate,review_first,e-distribución — distribución eléctrica,https://www.edistribucion.com/es/conocenos/instalaciones-distribucion-red/distribucion-electrica.html,official_distributor_public,2026-05-06,Candidata a regional_default por presencia pública amplia; requiere revisión visual/documental antes de producción.
canarias,Los Silos,"e-distribución Redes Digitales, S.L.U.",regional_default_candidate,safe_regional_default_candidate,review_first,e-distribución — distribución eléctrica,https://www.edistribucion.com/es/conocenos/instalaciones-distribucion-red/distribucion-electrica.html,official_distributor_public,2026-05-06,Candidata a regional_default por presencia pública amplia; requiere revisión visual/documental antes de producción.
canarias,Mogán,"e-distribución Redes Digitales, S.L.U.",regional_default_candidate,safe_regional_default_candidate,review_first,e-distribución — distribución eléctrica,https://www.edistribucion.com/es/conocenos/instalaciones-distribucion-red/distribucion-electrica.html,official_distributor_public,2026-05-06,Candidata a regional_default por presencia pública amplia; requiere revisión visual/documental antes de producción.
canarias,Moya,"e-distribución Redes Digitales, S.L.U.",regional_default_candidate,safe_regional_default_candidate,review_first,e-distribución — distribución eléctrica,https://www.edistribucion.com/es/conocenos/instalaciones-distribucion-red/distribucion-electrica.html,official_distributor_public,2026-05-06,Candidata a regional_default por presencia pública amplia; requiere revisión visual/documental antes de producción.
canarias,Pájara,"e-distribución Redes Digitales, S.L.U.",regional_default_candidate,safe_regional_default_candidate,review_first,e-distribución — distribución eléctrica,https://www.edistribucion.com/es/conocenos/instalaciones-distribucion-red/distribucion-electrica.html,official_distributor_public,2026-05-06,Candidata a regional_default por presencia pública amplia; requiere revisión visual/documental antes de producción.
canarias,Puerto de la Cruz,"e-distribución Redes Digitales, S.L.U.",regional_default_candidate,safe_regional_default_candidate,review_first,e-distribución — distribución eléctrica,https://www.edistribucion.com/es/conocenos/instalaciones-distribucion-red/distribucion-electrica.html,official_distributor_public,2026-05-06,Candidata a regional_default por presencia pública amplia; requiere revisión visual/documental antes de producción.
canarias,Puerto del Rosario,"e-distribución Redes Digitales, S.L.U.",regional_default_candidate,safe_regional_default_candidate,review_first,e-distribución — distribución eléctrica,https://www.edistribucion.com/es/conocenos/instalaciones-distribucion-red/distribucion-electrica.html,official_distributor_public,2026-05-06,Candidata a regional_default por presencia pública amplia; requiere revisión visual/documental antes de producción.
canarias,Puntagorda,"e-distribución Redes Digitales, S.L.U.",regional_default_candidate,safe_regional_default_candidate,review_first,e-distribución — distribución eléctrica,https://www.edistribucion.com/es/conocenos/instalaciones-distribucion-red/distribucion-electrica.html,official_distributor_public,2026-05-06,Candidata a regional_default por presencia pública amplia; requiere revisión visual/documental antes de producción.
canarias,Puntallana,"e-distribución Redes Digitales, S.L.U.",regional_default_candidate,safe_regional_default_candidate,review_first,e-distribución — distribución eléctrica,https://www.edistribucion.com/es/conocenos/instalaciones-distribucion-red/distribucion-electrica.html,official_distributor_public,2026-05-06,Candidata a regional_default por presencia pública amplia; requiere revisión visual/documental antes de producción.
canarias,San Andrés y Sauces,"e-distribución Redes Digitales, S.L.U.",regional_default_candidate,safe_regional_default_candidate,review_first,e-distribución — distribución eléctrica,https://www.edistribucion.com/es/conocenos/instalaciones-distribucion-red/distribucion-electrica.html,official_distributor_public,2026-05-06,Candidata a regional_default por presencia pública amplia; requiere revisión visual/documental antes de producción.
canarias,San Bartolomé,"e-distribución Redes Digitales, S.L.U.",regional_default_candidate,safe_regional_default_candidate,review_first,e-distribución — distribución eléctrica,https://www.edistribucion.com/es/conocenos/instalaciones-distribucion-red/distribucion-electrica.html,official_distributor_public,2026-05-06,Candidata a regional_default por presencia pública amplia; requiere revisión visual/documental antes de producción.
canarias,San Bartolomé de Tirajana,"e-distribución Redes Digitales, S.L.U.",regional_default_candidate,safe_regional_default_candidate,review_first,e-distribución — distribución eléctrica,https://www.edistribucion.com/es/conocenos/instalaciones-distribucion-red/distribucion-electrica.html,official_distributor_public,2026-05-06,Candidata a regional_default por presencia pública amplia; requiere revisión visual/documental antes de producción.
canarias,San Cristóbal de La Laguna,"e-distribución Redes Digitales, S.L.U.",regional_default_candidate,safe_regional_default_candidate,review_first,e-distribución — distribución eléctrica,https://www.edistribucion.com/es/conocenos/instalaciones-distribucion-red/distribucion-electrica.html,official_distributor_public,2026-05-06,Candidata a regional_default por presencia pública amplia; requiere revisión visual/documental antes de producción.
canarias,San Juan de la Rambla,"e-distribución Redes Digitales, S.L.U.",regional_default_candidate,safe_regional_default_candidate,review_first,e-distribución — distribución eléctrica,https://www.edistribucion.com/es/conocenos/instalaciones-distribucion-red/distribucion-electrica.html,official_distributor_public,2026-05-06,Candidata a regional_default por presencia pública amplia; requiere revisión visual/documental antes de producción.
canarias,San Miguel de Abona,"e-distribución Redes Digitales, S.L.U.",regional_default_candidate,safe_regional_default_candidate,review_first,e-distribución — distribución eléctrica,https://www.edistribucion.com/es/conocenos/instalaciones-distribucion-red/distribucion-electrica.html,official_distributor_public,2026-05-06,Candidata a regional_default por presencia pública amplia; requiere revisión visual/documental antes de producción.
canarias,San Sebastián de la Gomera,"e-distribución Redes Digitales, S.L.U.",regional_default_candidate,safe_regional_default_candidate,review_first,e-distribución — distribución eléctrica,https://www.edistribucion.com/es/conocenos/instalaciones-distribucion-red/distribucion-electrica.html,official_distributor_public,2026-05-06,Candidata a regional_default por presencia pública amplia; requiere revisión visual/documental antes de producción.
canarias,Santa Brígida,"e-distribución Redes Digitales, S.L.U.",regional_default_candidate,safe_regional_default_candidate,review_first,e-distribución — distribución eléctrica,https://www.edistribucion.com/es/conocenos/instalaciones-distribucion-red/distribucion-electrica.html,official_distributor_public,2026-05-06,Candidata a regional_default por presencia pública amplia; requiere revisión visual/documental antes de producción.
canarias,Santa Cruz de la Palma,"e-distribución Redes Digitales, S.L.U.",regional_default_candidate,safe_regional_default_candidate,review_first,e-distribución — distribución eléctrica,https://www.edistribucion.com/es/conocenos/instalaciones-distribucion-red/distribucion-electrica.html,official_distributor_public,2026-05-06,Candidata a regional_default por presencia pública amplia; requiere revisión visual/documental antes de producción.
canarias,Santa Cruz de Tenerife,"e-distribución Redes Digitales, S.L.U.",regional_default_candidate,safe_regional_default_candidate,review_first,e-distribución — distribución eléctrica,https://www.edistribucion.com/es/conocenos/instalaciones-distribucion-red/distribucion-electrica.html,official_distributor_public,2026-05-06,Candidata a regional_default por presencia pública amplia; requiere revisión visual/documental antes de producción.
canarias,Santa Lucía de Tirajana,"e-distribución Redes Digitales, S.L.U.",regional_default_candidate,safe_regional_default_candidate,review_first,e-distribución — distribución eléctrica,https://www.edistribucion.com/es/conocenos/instalaciones-distribucion-red/distribucion-electrica.html,official_distributor_public,2026-05-06,Candidata a regional_default por presencia pública amplia; requiere revisión visual/documental antes de producción.
canarias,Santa María de Guía de Gran Canaria,"e-distribución Redes Digitales, S.L.U.",regional_default_candidate,safe_regional_default_candidate,review_first,e-distribución — distribución eléctrica,https://www.edistribucion.com/es/conocenos/instalaciones-distribucion-red/distribucion-electrica.html,official_distributor_public,2026-05-06,Candidata a regional_default por presencia pública amplia; requiere revisión visual/documental antes de producción.
canarias,Santa Úrsula,"e-distribución Redes Digitales, S.L.U.",regional_default_candidate,safe_regional_default_candidate,review_first,e-distribución — distribución eléctrica,https://www.edistribucion.com/es/conocenos/instalaciones-distribucion-red/distribucion-electrica.html,official_distributor_public,2026-05-06,Candidata a regional_default por presencia pública amplia; requiere revisión visual/documental antes de producción.
canarias,Santiago del Teide,"e-distribución Redes Digitales, S.L.U.",regional_default_candidate,safe_regional_default_candidate,review_first,e-distribución — distribución eléctrica,https://www.edistribucion.com/es/conocenos/instalaciones-distribucion-red/distribucion-electrica.html,official_distributor_public,2026-05-06,Candidata a regional_default por presencia pública amplia; requiere revisión visual/documental antes de producción.
canarias,Tacoronte,"e-distribución Redes Digitales, S.L.U.",regional_default_candidate,safe_regional_default_candidate,review_first,e-distribución — distribución eléctrica,https://www.edistribucion.com/es/conocenos/instalaciones-distribucion-red/distribucion-electrica.html,official_distributor_public,2026-05-06,Candidata a regional_default por presencia pública amplia; requiere revisión visual/documental antes de producción.
canarias,Tazacorte,"e-distribución Redes Digitales, S.L.U.",regional_default_candidate,safe_regional_default_candidate,review_first,e-distribución — distribución eléctrica,https://www.edistribucion.com/es/conocenos/instalaciones-distribucion-red/distribucion-electrica.html,official_distributor_public,2026-05-06,Candidata a regional_default por presencia pública amplia; requiere revisión visual/documental antes de producción.
canarias,Tegueste,"e-distribución Redes Digitales, S.L.U.",regional_default_candidate,safe_regional_default_candidate,review_first,e-distribución — distribución eléctrica,https://www.edistribucion.com/es/conocenos/instalaciones-distribucion-red/distribucion-electrica.html,official_distributor_public,2026-05-06,Candidata a regional_default por presencia pública amplia; requiere revisión visual/documental antes de producción.
canarias,Teguise,"e-distribución Redes Digitales, S.L.U.",regional_default_candidate,safe_regional_default_candidate,review_first,e-distribución — distribución eléctrica,https://www.edistribucion.com/es/conocenos/instalaciones-distribucion-red/distribucion-electrica.html,official_distributor_public,2026-05-06,Candidata a regional_default por presencia pública amplia; requiere revisión visual/documental antes de producción.
canarias,Tejeda,"e-distribución Redes Digitales, S.L.U.",regional_default_candidate,safe_regional_default_candidate,review_first,e-distribución — distribución eléctrica,https://www.edistribucion.com/es/conocenos/instalaciones-distribucion-red/distribucion-electrica.html,official_distributor_public,2026-05-06,Candidata a regional_default por presencia pública amplia; requiere revisión visual/documental antes de producción.
canarias,Telde,"e-distribución Redes Digitales, S.L.U.",regional_default_candidate,safe_regional_default_candidate,review_first,e-distribución — distribución eléctrica,https://www.edistribucion.com/es/conocenos/instalaciones-distribucion-red/distribucion-electrica.html,official_distributor_public,2026-05-06,Candidata a regional_default por presencia pública amplia; requiere revisión visual/documental antes de producción.
canarias,Teror,"e-distribución Redes Digitales, S.L.U.",regional_default_candidate,safe_regional_default_candidate,review_first,e-distribución — distribución eléctrica,https://www.edistribucion.com/es/conocenos/instalaciones-distribucion-red/distribucion-electrica.html,official_distributor_public,2026-05-06,Candidata a regional_default por presencia pública amplia; requiere revisión visual/documental antes de producción.
canarias,Tías,"e-distribución Redes Digitales, S.L.U.",regional_default_candidate,safe_regional_default_candidate,review_first,e-distribución — distribución eléctrica,https://www.edistribucion.com/es/conocenos/instalaciones-distribucion-red/distribucion-electrica.html,official_distributor_public,2026-05-06,Candidata a regional_default por presencia pública amplia; requiere revisión visual/documental antes de producción.
canarias,Tijarafe,"e-distribución Redes Digitales, S.L.U.",regional_default_candidate,safe_regional_default_candidate,review_first,e-distribución — distribución eléctrica,https://www.edistribucion.com/es/conocenos/instalaciones-distribucion-red/distribucion-electrica.html,official_distributor_public,2026-05-06,Candidata a regional_default por presencia pública amplia; requiere revisión visual/documental antes de producción.
canarias,Tinajo,"e-distribución Redes Digitales, S.L.U.",regional_default_candidate,safe_regional_default_candidate,review_first,e-distribución — distribución eléctrica,https://www.edistribucion.com/es/conocenos/instalaciones-distribucion-red/distribucion-electrica.html,official_distributor_public,2026-05-06,Candidata a regional_default por presencia pública amplia; requiere revisión visual/documental antes de producción.
canarias,Tuineje,"e-distribución Redes Digitales, S.L.U.",regional_default_candidate,safe_regional_default_candidate,review_first,e-distribución — distribución eléctrica,https://www.edistribucion.com/es/conocenos/instalaciones-distribucion-red/distribucion-electrica.html,official_distributor_public,2026-05-06,Candidata a regional_default por presencia pública amplia; requiere revisión visual/documental antes de producción.
canarias,Valle Gran Rey,"e-distribución Redes Digitales, S.L.U.",regional_default_candidate,safe_regional_default_candidate,review_first,e-distribución — distribución eléctrica,https://www.edistribucion.com/es/conocenos/instalaciones-distribucion-red/distribucion-electrica.html,official_distributor_public,2026-05-06,Candidata a regional_default por presencia pública amplia; requiere revisión visual/documental antes de producción.
canarias,Vallehermoso,"e-distribución Redes Digitales, S.L.U.",regional_default_candidate,safe_regional_default_candidate,review_first,e-distribución — distribución eléctrica,https://www.edistribucion.com/es/conocenos/instalaciones-distribucion-red/distribucion-electrica.html,official_distributor_public,2026-05-06,Candidata a regional_default por presencia pública amplia; requiere revisión visual/documental antes de producción.
canarias,Valleseco,"e-distribución Redes Digitales, S.L.U.",regional_default_candidate,safe_regional_default_candidate,review_first,e-distribución — distribución eléctrica,https://www.edistribucion.com/es/conocenos/instalaciones-distribucion-red/distribucion-electrica.html,official_distributor_public,2026-05-06,Candidata a regional_default por presencia pública amplia; requiere revisión visual/documental antes de producción.
canarias,Valsequillo de Gran Canaria,"e-distribución Redes Digitales, S.L.U.",regional_default_candidate,safe_regional_default_candidate,review_first,e-distribución — distribución eléctrica,https://www.edistribucion.com/es/conocenos/instalaciones-distribucion-red/distribucion-electrica.html,official_distributor_public,2026-05-06,Candidata a regional_default por presencia pública amplia; requiere revisión visual/documental antes de producción.
canarias,Valverde,"e-distribución Redes Digitales, S.L.U.",regional_default_candidate,safe_regional_default_candidate,review_first,e-distribución — distribución eléctrica,https://www.edistribucion.com/es/conocenos/instalaciones-distribucion-red/distribucion-electrica.html,official_distributor_public,2026-05-06,Candidata a regional_default por presencia pública amplia; requiere revisión visual/documental antes de producción.
canarias,Vega de San Mateo,"e-distribución Redes Digitales, S.L.U.",regional_default_candidate,safe_regional_default_candidate,review_first,e-distribución — distribución eléctrica,https://www.edistribucion.com/es/conocenos/instalaciones-distribucion-red/distribucion-electrica.html,official_distributor_public,2026-05-06,Candidata a regional_default por presencia pública amplia; requiere revisión visual/documental antes de producción.
canarias,Vilaflor de Chasna,"e-distribución Redes Digitales, S.L.U.",regional_default_candidate,safe_regional_default_candidate,review_first,e-distribución — distribución eléctrica,https://www.edistribucion.com/es/conocenos/instalaciones-distribucion-red/distribucion-electrica.html,official_distributor_public,2026-05-06,Candidata a regional_default por presencia pública amplia; requiere revisión visual/documental antes de producción.
canarias,Villa de Mazo,"e-distribución Redes Digitales, S.L.U.",regional_default_candidate,safe_regional_default_candidate,review_first,e-distribución — distribución eléctrica,https://www.edistribucion.com/es/conocenos/instalaciones-distribucion-red/distribucion-electrica.html,official_distributor_public,2026-05-06,Candidata a regional_default por presencia pública amplia; requiere revisión visual/documental antes de producción.
canarias,Yaiza,"e-distribución Redes Digitales, S.L.U.",regional_default_candidate,safe_regional_default_candidate,review_first,e-distribución — distribución eléctrica,https://www.edistribucion.com/es/conocenos/instalaciones-distribucion-red/distribucion-electrica.html,official_distributor_public,2026-05-06,Candidata a regional_default por presencia pública amplia; requiere revisión visual/documental antes de producción.
